,metabolite_0,metabolite_1,metabolite_2,metabolite_3,metabolite_4,metabolite_5,metabolite_6,metabolite_7,metabolite_8,metabolite_9,metabolite_10,metabolite_11,metabolite_12,metabolite_13,metabolite_14,metabolite_15,metabolite_16,metabolite_17,metabolite_18,metabolite_19,metabolite_20,metabolite_21,metabolite_22,metabolite_23,metabolite_24,metabolite_25,metabolite_26,metabolite_27,metabolite_28,metabolite_29,metabolite_30,metabolite_31,metabolite_32,metabolite_33,metabolite_34,metabolite_35,metabolite_36,metabolite_37,metabolite_38,metabolite_39,metabolite_40,metabolite_41,metabolite_42,metabolite_43,metabolite_44,metabolite_45,metabolite_46,metabolite_47,metabolite_48,metabolite_49,metabolite_50,metabolite_51,metabolite_52,metabolite_53,metabolite_54,metabolite_55,metabolite_56,metabolite_57,metabolite_58,metabolite_59,metabolite_60,metabolite_61,metabolite_62,metabolite_63,metabolite_64,metabolite_65,metabolite_66,metabolite_67,metabolite_68,metabolite_69,metabolite_70,metabolite_71,metabolite_72,metabolite_73,metabolite_74,metabolite_75,metabolite_76,metabolite_77,metabolite_78,metabolite_79,metabolite_80,metabolite_81,metabolite_82,metabolite_83,metabolite_84,metabolite_85,metabolite_86,metabolite_87,metabolite_88,metabolite_89,metabolite_90,metabolite_91,metabolite_92,metabolite_93,metabolite_94,metabolite_95,metabolite_96,metabolite_97,metabolite_98,metabolite_99,metabolite_100,metabolite_101,metabolite_102,metabolite_103,metabolite_104,metabolite_105,metabolite_106,metabolite_107,metabolite_108,metabolite_109,metabolite_110,metabolite_111,metabolite_112,metabolite_113,metabolite_114,metabolite_115,metabolite_116,metabolite_117,metabolite_118,metabolite_119,metabolite_120,metabolite_121,metabolite_122,metabolite_123,metabolite_124,metabolite_125,metabolite_126,metabolite_127,metabolite_128,metabolite_129,metabolite_130,metabolite_131,metabolite_132,metabolite_133,metabolite_134,metabolite_135,metabolite_136,metabolite_137,metabolite_138,metabolite_139,metabolite_140,metabolite_141,metabolite_142,metabolite_143,metabolite_144,metabolite_145,metabolite_146,metabolite_147,metabolite_148,metabolite_149
sample_0,0.6801099333282672,1.0080625760952762,0.25205024840180684,-2.139683816199285,-0.139013659527279,-1.0934040955416109,-0.31836591411330983,0.951942150378542,0.351583055656952,1.1969043991859674,0.38684985287375395,-1.4087792748198809,-2.3581752969159955,0.09886350526713263,-0.2633209981074324,-0.9761557348249752,-1.9675745838002399,-0.5982703144472057,-0.257105537532007,0.730208889356759,0.0802668166687177,1.9766809869695103,-0.8512330437006103,1.0666947623237188,-0.02359634728047657,0.41810801466764524,-0.4311850558774822,1.0488572265226195,0.3776670222069716,-0.6963336367216262,-0.0047363264549615544,-0.07525863868300213,0.6509128503721507,-1.5943606735896696,0.23067661596285752,0.3546032514972216,0.04433029860789073,1.1245468313376437,1.1292641665280014,-0.001278391455769507,0.40276509689492695,0.30404926093706225,0.32428228485382016,-1.5993897729090327,-0.289930018213241,-1.6200521824618368,1.0872191242405664,-0.3195709195348478,-0.08359662786300874,0.7249190508136566,0.41136991867583,-1.1892029043208372,0.0003956025034408224,-0.08936777066103495,-1.6188162880871066,-0.6700316959189943,-0.08744134969894271,0.08390740564513915,-1.6524930530247721,1.3661894752962498,-0.18187205344497498,-0.1517726909084697,0.5171890084196087,-0.8419952441394576,0.06420781631001615,-0.4365751967286212,-1.3114392532170527,0.3810558546033263,1.877816270957811,0.6743383838520205,0.8348989668855369,-0.6035029043744558,-1.65027207640811,1.3378838157159827,2.034320008172641,1.4590271371573702,-0.3259826887009077,-0.8864870659309597,-0.8289301253362225,-1.7416117287550845,0.010213747109637019,1.4594843015040704,0.019770708601554464,0.384225160454441,1.5716293909249301,-0.3774392742385394,1.8103433537160927,2.15334207197416,-0.1782873551707642,-0.40066637494864,0.7573292271880075,-0.41426235772882175,-1.4549866842691204,1.2024386400369822,0.9251849795091861,-0.01591265815232571,-1.2827410286268472,-1.1988457751132557,0.05394226178801158,-0.2966593830849292,-0.7297949985742034,1.1725005010615532,0.9240304083944392,1.4297478263198597,-0.7749790395053923,-0.2805045528279125,0.8979461722836249,0.4214515357071133,1.2017370153174984,0.4101932997236376,1.5934684929030798,0.5112704819512458,1.3516912265567578,-0.06797286072102826,-0.0374275273176075,0.9198825914631035,1.5822513472877366,0.7069847102320433,-0.2448409779620301,1.1209966205409028,-2.025943940213869,-1.199928560369446,0.6886236154638932,-0.19762675806293542,0.5048987399398411,0.23131306040972885,0.5364278552088847,-0.8197921654257678,0.6117734039546382,0.8156118192924511,1.0639709170210818,2.272714009582193,0.37571234286796146,0.06271206649189981,-1.4481566115045683,-0.52061796486062,-0.3368872507214653,1.2775489501371413,-0.6190415287593859,0.5431882055635935,0.33095950703756155,-0.17476719077628675,0.4316530345763122,-0.36908768790661334,-0.5275644244661635,-1.6989316322802304,-0.4160895786870308,-0.3436806246427035,-0.7100181019154621,0.5613711095123051
sample_1,0.5867648788558132,0.08113302827918831,0.7560071452416931,0.42356276018514855,-0.31089817280540194,-0.4349852552255583,0.14750612398848253,0.5435497052996602,1.4442978752060023,1.2448461371070745,-0.4797487475268996,-0.11146010645903948,0.5370121549154434,0.876716773408002,1.2178154315843825,-0.003133191364622038,-1.5066181010042323,-0.8672251041641216,0.24343868951615852,0.3871835401644447,-1.0938998240389466,-0.019814975978635754,0.6201451192792367,-1.2120208351962503,0.967838587377688,-0.7046083628785601,1.2632554293731446,-0.6135311948683602,-1.0406636259716056,-0.45435300916956817,-0.07499865592514476,-0.23534408516447078,-0.166156326956865,0.25691195081710616,0.0807723465021753,-0.08181808098931523,-1.7934870195014345,0.24013570301763687,0.2455074912841146,1.7034997763122206,-0.6625116026348091,-1.8936296122656435,0.530998136096665,0.2871797031524514,-1.0597094484262828,-1.6714351184015375,1.3467377008397072,1.044101363391897,-2.182635405022553,-0.5305923143623374,1.9479798523120455,-0.48556870828593784,-0.36096061320604456,-0.032506120245972665,-1.0284065742173427,-1.5832971146866481,1.2644158785282078,-1.720787276987697,0.1324452307335353,1.019037670605787,-1.4745708450875123,-1.1146122438925665,1.2911341570852457,0.7071134511425149,-0.9819542762414104,1.1561503535546238,1.0601596394744293,0.03653953710448421,-0.9486370858510653,-0.5618132825804362,0.18794890095654057,-0.2504150924049862,0.9944056790099992,-1.391230301348565,-1.2637507914521267,0.11289861763718538,-0.4788609676686451,-0.3661700949217953,-1.464375633061226,0.1699517668144831,0.06776868224204492,0.5128972988969706,0.23626238513095196,-0.04780958259656449,1.3609028967436039,-1.2827574586917976,0.5332889068265095,-1.5477096096561134,-0.9281529526175505,-1.0354208334083226,0.8459593130455062,-0.10738962382554144,-0.09412302312878883,-0.9443059242105571,-0.6905869365525008,-1.0132268125544457,0.25827643007052303,-0.9442562044556874,1.2057246363840306,-1.6037486210073035,-1.2464579596276566,1.877094322708663,-0.12596580662790202,-1.2904114388817962,0.38682423575804054,-0.40291073518930476,-0.9438488674542406,-1.1608488446210494,2.223400308808755,-0.25268014254259014,-1.8500327152440452,1.716450039666727,0.854115491083918,-0.5314731452445234,-1.0394505689367812,0.6383045226075841,-0.2179456101713917,-1.7941756146616983,1.6130307928148322,-0.4344315363701211,1.4424742389267433,1.2945042205063872,-1.328557438050142,0.8185249689196377,-0.8422958236211631,-1.528752661779484,-0.36087234652731026,0.37725862218184053,-0.5305075565077991,-0.5855697103034796,0.9943850739481653,0.29049119369788173,-0.6783809748598206,0.5160727001563481,0.23789649536477644,-2.31467643194396,0.4071129447129679,0.5183280583402119,-0.06710600907782416,0.6373454635619149,-0.48333713524079375,0.39599344591688634,-1.3210022951868665,0.5091992910385423,2.249367634160711,-0.9500454192171397,-0.903921552201585,-0.5944248244547136,-0.07232152864244543,-1.0919777499756298
sample_10,1.3584658611844669,1.295198999199146,0.5351578865852428,-0.08630161986241647,0.08000341804667083,0.7307099983053118,-0.48925305858092605,-1.9257701592499596,0.5384399245115354,-1.3393384499393874,-0.8924971374461865,-0.0005990723933215112,-0.1579191193096118,-1.222017168021896,0.22412097297120506,1.0945181819133438,-1.3768981878014128,1.4451330328464032,-1.7204888095952005,2.268535564904187,-0.466899252524136,0.10921668573239345,-1.607238688181201,0.00913025621503012,0.1462361651524699,-0.3995116319213597,-0.557774616857182,-1.0413791075553,1.2739366549207538,0.08026394457378051,1.3077794788471786,-0.3836893915715135,-0.4196650713065973,0.8459336057652296,-1.4536980513753561,-1.1670090588493103,1.1671808714480663,-1.2075515999415336,-1.5254821921857757,1.97562190208075,-1.081022131036862,0.1875344404831005,0.002599676934477594,-2.454848645141389,-0.2526781525161249,0.5718673699942647,0.16181125202710367,0.5720363085338949,-0.2612376796378092,0.5541601275883896,-0.9641219967849586,-1.4930885761345267,-1.0558656871794108,-1.312087577652403,0.9885680644489923,-1.4120746329892917,0.41299379919017154,-0.07376785803136236,-0.22869071105595723,1.6437443925776076,-0.5041302534942906,0.4228834157627941,0.17135554046525106,-0.09608619244350775,1.8606341548908472,-1.526861867800627,1.1532997028000354,0.47494955450565396,-0.45156838296243274,1.6565990328134828,-1.98128263047885,-0.6047109840339927,-1.2445507466521812,0.3636392237920313,-0.9094816448134145,0.36216440702881486,-0.17939485076519232,-0.22051026962603704,0.4868181817959967,-0.15345420711949195,-1.0237025635555568,2.6481322672356917,-0.3354522492331681,-2.1189494396451085,-0.7815220302731084,-1.2377187675252217,0.7801198520176739,0.4656588771465527,0.38346109523578636,-0.19327494631296854,-0.26451867313643884,-0.43972261349114145,-0.1747114663198363,0.8015776805874971,-0.013039382274570882,0.3580637470508957,0.3669540576850386,1.058348509439308,0.2243882679763688,0.6580174179720617,0.9685216145684398,-0.6415843661134029,-0.5039728277445878,-1.160154856835466,0.3520986832839301,-1.679132200419877,0.5551584922965568,-0.14966235319545138,0.8729673680925388,-0.667281824520747,-0.2784706520707549,1.2469777468478929,1.7057307119799068,-0.44115491574553856,0.1397223058395266,0.18884766652086507,0.3827068169838781,-0.22728334843888953,1.1105656849631735,-1.684486831344081,-0.3603279612120001,0.527421467483626,0.419597917857523,1.1371753983432877,1.1401619544078774,-0.08764034074850659,1.1934205483196993,-0.7206722729029391,1.0102156040562533,1.6942503214861242,1.058903240713105,0.289739077989635,-0.18252762040216897,-1.846063695738385,0.3484784956656479,-1.0468893245139659,-1.0552878118727274,-1.306334561600982,-0.48732958058338166,-0.2707197139665452,0.6650880003518304,-0.6451585886647203,1.2234903562275732,-0.16779206057968152,-0.9457020625347902,0.3381124847925962,1.6916533508298748,0.544783615970367,-0.5588560887689976,-1.610831617130612
sample_11,-0.18087523130238775,0.08414517610294893,-0.6471234062043143,-1.8575979279537767,-0.9947115304990921,1.3871212273053983,1.1608888417051428,-0.9246048591658562,0.719196189046958,-1.3922009517513072,1.4294075769939392,0.2650980025310757,0.7897383414618272,-1.4784424906028881,0.8820792415903465,0.05676107719413507,0.6670095448145802,1.081072095761485,0.021791410247191695,-0.6123208703739286,0.6193822421107369,-0.15354160182957427,-0.7075059089279634,-0.9529268811307448,-1.4525537410178777,-0.8436232861486418,1.1083057851650926,0.12312271609885092,-0.5075407419492632,0.9266175301529325,-0.6982405501144716,0.28474767764755055,-0.1240143595726781,0.8013394119345033,-1.4053463480094688,-0.8234240714657511,-1.7186127733219423,-0.36286497453942196,1.5770719450207837,-0.5260255971326642,-0.26737603936868803,0.9057678700157522,0.9645878279034621,-0.09070835061342108,0.7840280073188084,-1.15795102006074,1.1870674832636803,1.723271058322064,0.5701987479684631,-2.0372839307388246,-0.8019084220976732,0.6885221178312371,-0.30144221805210286,1.6546040424477202,0.5895923250734908,-0.684614483473795,0.14857567766849705,-0.7295510055665309,-0.31118919833003306,-0.8682952884742869,1.0415904231699404,1.928886307174887,-1.22763610100572,-2.1731821683078465,-0.6193651367005942,-1.605085154904887,-0.24828768812992685,0.5796751911133405,1.8807327757618202,0.10589660179047679,-0.2993966560475192,-2.153683079891326,0.04273420634604575,0.05565943670925775,0.7187656955493953,-0.7661383544340664,-0.4234137681240207,-1.2053998173762694,-1.937753080554754,-1.0960336888836368,-1.5312439572376833,0.19799753965996533,-0.3672901639918857,-0.45074520156151776,-0.9325288780965716,-3.1964005126607757,1.3612268305476938,-0.8699085214370799,-0.4765462145723549,-1.2775153549263523,1.0447520325396422,0.11977700453888877,-1.0618781552751761,-0.301979938049574,1.4172596084575784,-0.26387032619308926,-0.27076139322082926,-0.8911786273613751,-1.8319696005555177,0.08114759536708567,0.010162631709066986,1.2559687199117977,-1.7556751030591091,-1.0987166406296953,-0.38132403666679604,0.034037659754540386,-0.14604481037550632,-0.1624683310762436,0.2724115110296178,-0.8954851772066492,0.7594678101414494,0.3766039447319573,-0.1727042370021531,1.9457252786101047,1.5936030173920117,0.9459105724594303,-2.900619133967141,1.5073931449235614,0.6272033312260902,1.6611970469135595,1.1997050784645003,1.5715094808922179,0.924815186415433,1.1331212553289205,1.9931987794787758,0.36998427111657,-1.3952524527951433,-0.3191196924246306,0.4121765951115046,-0.17436968554099855,-1.1660361177624339,-1.5155525021751899,-0.5793734158015976,0.628014422054425,1.5926037295425997,0.7846617187353856,1.1602592366254942,-0.02661712259364156,-1.6082064013984456,-0.6925796290848857,0.01879609762991614,-0.5302058044656796,0.24421273492003626,0.5469708750213367,0.9669895737743618,-0.19397874777605809,-1.9942042466076535,-0.34685196636119925,-0.15750298875215377,1.4617583487400663
sample_12,-0.48546394541789706,0.39004680024018545,0.04041128520881253,-0.11763937639811523,1.197761769907403,-0.6231309620422242,-0.6551247164328282,-0.04522552895598972,-0.5937327539666728,0.4846266001973699,-0.6482351224324222,0.24456805515618277,-0.16249781929220825,0.15481443765751493,-0.5791217870655281,-0.2964147550957346,-0.1132021586439924,0.3554319318287586,-0.05320220194978037,1.831914658884177,-0.9954446076424446,-0.15871231781016018,-1.3261698638516075,0.495999974415709,-1.1133095767644794,-0.6007127343762814,-0.3667226289952215,0.2298602735305545,-0.5322443926690379,-0.6043348026207825,1.2191140776370222,0.4881453888211425,-0.5659540315776608,-0.4582839816492833,2.0007521004721207,-0.2417118154702654,-0.7175899450776237,-0.7567206724471269,-0.22535431031664974,-0.6198652749303984,-0.9758355549250337,-1.1790623159122382,-0.8621190063262546,0.5000034396120746,-0.3767305528127345,-0.17157666492767598,1.0790134662051472,0.9339846158532727,-0.16483099464013234,-0.6905545501435246,-1.1807814761149824,0.7747285026741885,-0.11480417391397998,-0.14505792894273523,-0.7375429657380776,-0.7414997462619995,0.4633232341172376,-1.1698719308784762,0.9040050565006874,-0.841123312937092,-0.2274169685767977,-1.5277586463634385,0.12379769962706491,-0.3028368661545677,-0.42926663960998657,1.4296284596890847,-0.10001611394309501,-1.1673775416054797,-0.7254826656580227,0.5334882401604245,1.216728716109176,0.24992964142966298,0.7334966226989822,0.5422606863145827,1.4437616772408326,-1.9928357234331358,0.6584752020077941,1.2224221590681008,-1.0759533307566582,-0.8459561907634704,-0.7730859011787771,-0.8612252018723725,-0.32984881496174523,0.3249022077774717,1.0305612720058974,1.1029792673846277,-0.6373431111566334,-0.7127353088006965,1.3558301168122888,0.8229016681863044,0.11448313404094752,0.47863702300826694,-0.11352967247307763,0.5222200101028418,-0.7293503500543269,0.10703824672092419,-1.5145800732650165,-0.6203997204176317,-0.6848931281839922,-0.1571564887035959,-1.3796607393605913,-0.5001765206834645,-1.095937108708123,0.5919472271117014,0.09717883141490571,-1.5416114686320121,-0.9426474378223219,0.3072055695469437,-0.5137759334720748,-0.6919628622341286,-0.16100780324030775,0.26305439063018377,-1.4042662283800682,0.8461994399999057,-0.8989675268306732,-0.18151260815679773,-0.013236158449582591,-0.4764281822984662,-1.1790235559899993,-0.30707944815655147,1.564521924827779,-1.143993714573002,1.9002419959740497,-0.4706690465162865,-0.10617467498546791,-0.8178482536794967,-0.6733328974402244,-0.5121512902655443,-1.1749980143820418,-0.4799205333738435,-0.40717587176948017,2.103525518950491,-0.9911743333969204,-0.11860346310878389,0.2870527766174388,-1.0064172439296235,0.7165662955347066,-0.3926986260949749,-2.264372759920779,0.4084200965165898,-1.023004034158945,-1.1421395054130883,0.8553821394069164,-0.32068142930537596,1.0424800718135228,1.3759753851687069,-0.7944377636511678,1.0441000754597618,-0.9464273422232604,2.590470447013222
sample_13,-0.5948770122085573,0.9559153646905277,0.6021745324182669,0.15943235453904517,-0.7731101523140502,-0.13900494747687878,-2.0817705059676648,0.19234914900786296,0.39604841953111847,0.0678696356116441,-2.8657983029253487,-1.3733299636067458,-0.7501933496330134,0.21974884090875454,0.383228836615299,-0.11646212879261117,0.4433627654941398,-0.8950232468464976,0.6051929904966684,0.5276322106356028,0.2525856602699941,-0.30918288000815564,1.67901040936801,0.6318002014374234,-0.9756026789110889,-0.049285802653953714,0.7580325144904798,-0.670136950503315,1.2296711706671455,0.4642989902399593,-1.97460018004998,0.5043826629107013,-0.3863353642173301,0.5054389594039129,1.2596844512571734,0.16530130494649742,1.7660918679693052,-0.28797318771190134,0.9765105881153319,0.8548373673136469,0.11343925459601649,0.8086774209527279,-0.6362700277322445,-0.38078917008637864,-1.3908080107359482,0.33711771910145816,0.1327083763958277,0.8269736579306314,0.8171703211134869,-0.3699008818829145,-1.568995595935004,0.49446457940799154,1.0177715032651427,1.093650671307489,1.0594695338281348,-0.2393818759464003,-0.3970325985938867,-0.5656526217904168,-0.18044006833768125,-0.2449313562061346,0.11399448393759581,-0.3187998334125154,0.008295375787529095,-0.8286472548015035,0.5370506718490414,0.01363240745008353,-0.497111395262542,-1.1139223516677317,-1.4588436218735847,1.307613409465101,0.46056613031974947,-1.776741761851911,0.8110981300429804,0.8248890107066037,0.2405381609105098,1.513689378486796,0.21630627793652327,-1.1450639730620487,0.46557715514725945,0.4228602846305421,-0.512318425684701,0.43344817904889804,-1.549155569246727,1.0678923111184535,-0.8197453122474634,-0.9563373562736931,-0.02060027583907299,0.578128136577926,0.13452526959027994,-0.5656954941502566,-0.5017658506067333,-1.2687157624357919,-0.34553997140674586,1.0170527842736248,-0.3757425810469809,0.7479934550008135,1.26165865863634,-0.5138746142899238,-0.2228500295241996,2.6728829432778882,1.2521893424728265,-1.7248233571919087,0.6130438265080063,0.038283061338395444,0.9701597021834104,-0.6525241183426796,-0.948165784946188,-0.7306210421055801,-0.537669925298034,0.7995677375626562,-1.1707943414653852,-0.9579460185343157,-1.7932628382860731,1.3243888076165635,1.291764953200462,-0.5480767764304937,-0.2673386372677606,0.4469839400181775,1.3023696862437741,0.28913010548409984,-0.62031393827298,-1.3815041788196674,-1.4653624387046653,-0.13868560386259546,-0.8464597037589315,0.35030924848722167,-0.4765345647772091,-1.0605213517441787,-1.3201974586430913,1.4270676129246482,0.7642734052318815,1.9785224246388406,0.662503798562918,-0.682691676051698,1.3408013048917171,-0.0713866510902947,0.15867451697530002,0.017185624998411992,-2.6618595109708205,1.3413824991321028,0.9289920762831484,0.3885746185618274,0.1317954005630641,0.24110467639053382,-0.7236923518241357,0.7498161753531198,-1.4255385765845252,0.3822779556840041,0.3537201275659292,-0.12631019908682875
sample_14,0.3351838158865877,-1.2670606866579506,-1.2337877291942385,0.07863733425504009,0.8875782555054298,-1.7768223655250026,0.3365910832317521,-0.5793450583054424,-0.14638359631043735,-1.5713002899182167,-0.7840539612218385,1.0468487078277158,-0.041827116136980806,-0.3509860958222248,-0.13814132188250533,0.5862739068775774,0.24235329272874082,0.07333614765190975,1.1224523205221946,1.0530254733679973,0.2852549160066774,-0.0069917036989194225,0.6431817860025412,0.4311755243451227,0.9264103539027404,0.6326536490143483,-1.0130314052394858,-1.1857501543363573,-0.6915388527318055,1.1138999994382481,-1.326979977975245,0.6065944333966449,0.5041846380572398,1.2703726898810561,0.4523081611794976,-1.2897258436732746,-1.0024828878479783,-1.2168671169383622,-0.2139058354652607,-0.1861333472252646,-0.8706153299183157,1.531384272258966,-1.3394833020271828,1.1553241400058138,1.3289863438968266,1.0820569714214328,-0.887893962576094,0.05329994434339969,-1.0754477726934741,0.7379925757454457,-0.2027329371045045,-0.4136039318076529,-0.9921678783306004,-2.4137793745153138,-0.9504382434036142,0.9531189369726505,-0.32727302765713284,0.027115536579958757,0.5538147468223816,2.2226600049585645,1.1855496634973883,-1.1627297228960731,-1.7147296542141066,2.8493241816471846,1.8304495037731783,0.12723713478116755,-1.7330731628414504,0.8222106954045263,-0.012514443230570186,-0.23551032753267967,0.8059161595830322,0.30571227664384115,-1.2209174453831464,-0.30223477045124864,0.7393937394269844,0.43845680623730016,0.26076560543302213,1.1728022525757287,-0.19204459937309887,0.3485341374049398,-3.433377946621573,-0.5837303663069706,0.9508081398422699,-0.30388568249894876,-0.3826926970051333,-1.0126542156564065,0.9310861424114864,0.6948105144605192,0.8358736117626402,-1.5486797683432239,-0.14010808537134953,-0.3409322625181273,-0.4120821131194917,-0.5031703485695247,-0.7400475302525092,0.7373911942864164,-1.8911530255232394,2.0116933667017087,0.4087494485014678,0.21200753462600153,0.6555089001213785,-1.4876389178126308,-0.33227897022812924,-0.08457809911362596,1.487923841686559,-0.005791120710988342,0.5411856212081002,-0.6419808946797411,0.33750240864334985,1.6496652400483125,0.8154821989218488,-0.2740853145859205,0.925173007775921,0.8748584820404451,0.4832534137271914,1.1582256695821085,1.0900728878607182,-0.09972312694437904,0.47534883343611894,-0.39072632823343084,-0.8324422735454726,-0.13521688523408212,-0.21997421898836877,-1.8684986252250002,0.7780113970670243,-2.3496072242246595,2.4687345838343773,1.4678438861261596,-0.3074869444189018,-0.24484657726003672,0.23457745989174547,-0.4325808299764512,0.32580969088108885,-0.37983853330476386,-0.04814870019671893,0.12200042634318832,-1.678317737068401,0.1121836421068308,0.0582374571020383,-0.11587949268005605,0.07091625051316752,1.2864201038014882,-0.14992277515841151,0.3114098256439939,1.4849121932144593,0.015670835621295766,0.024631226163300483,0.07441313953609831,1.0208514985068637,-0.19228668953845438
sample_15,1.1329356798254733,-0.28886209113656264,-1.1258721277578838,0.5292369133724457,-0.3227297869820724,0.5945326115795969,-2.602224759827679,-0.02802868646339447,-0.41318802032417634,-1.2638797186246358,-0.49129518929681926,-0.6229800657414274,-0.11516151872422944,-1.184148712145729,0.41783232753842614,1.5208633773499003,0.07765955193522907,0.9732846167868789,1.1241703712430586,1.334976126882038,1.61398398299598,-0.7141798392634817,-0.571298082370587,0.9572675970545883,0.5959623194910204,0.5029307499629753,1.8950412927116411,-0.04927485242585164,0.5181553928363362,-1.0253883573887332,1.8103507928173905,-0.17951673241210223,-0.27300231716330575,-0.5755873812231367,-0.4199206801370165,-0.7092058220467394,-0.5429354663206732,-1.3870385662220024,-0.46716322680050604,2.0603836951099868,0.8808973327338199,0.9623609838199527,1.0691727379197837,1.5791852048368664,-1.890559722997376,-1.3313771681997135,-0.9980219433178561,-0.6976006517801177,-0.1817070434704841,-0.5201726750021339,0.16017058743780774,0.06580181163192017,-0.5608979304111283,-2.0861593754658823,-0.9071994219212608,-0.5430678648905866,-0.15693141604199734,-0.975854391549315,-0.6292901510109173,-1.6231303252386144,-0.20459645841452165,-1.2635926965132578,-0.67300865415311,-1.4525158661523458,-0.5300397250851215,-0.9433950193505144,0.7221428854651715,0.1913680567554398,0.03254629283984622,-0.9788710581154686,0.2836142981031823,0.6846305335067434,0.1642024682514226,1.440512655964294,0.5521144357982324,0.8371303100708042,0.1346896913359784,0.9185949901400852,-0.5856520101791625,-0.3664377595805552,0.4914674394947704,0.20335297534675187,0.6873080580049435,1.176988039913336,-1.3999960788320494,-0.9458790565633334,0.27192513151120445,-0.5911538603921396,3.5420181502741714,0.6919533540621998,-0.05418310872449814,-0.5969452673179845,-0.6497052215469458,0.07772351875334631,-0.2518588451483917,-0.6803106862358237,-0.3563327561851074,1.5493458695022568,1.2572676609954778,0.5392673686071507,-1.8400641676993856,0.6526233521927283,1.6619760056467618,1.4213019870889954,0.8817757800074649,1.3542990199073492,0.08309571997697413,0.6059479216906631,-0.6276421055629366,0.28368080703405707,1.1202659875432486,-0.9160032319645879,-0.7701208619490284,0.37256166236436045,-0.2922673633611161,0.609461463284109,-0.4176636041806158,1.6387942543239031,-1.4432564310173293,1.0148581603251612,-0.6836214971960936,-1.5451355019712998,0.15663793919354888,-0.4655705614682866,-1.3333549758665353,-1.3598434838442865,0.014289310025198048,0.9483073092665515,0.6277678677096908,-0.19394365239231492,0.39355036294374035,0.1515132759027764,-1.2468465816162293,-1.7320166803839252,-0.1548426780560225,-0.1863983181976208,0.9130976957224838,0.9397107541274091,0.4445045981218638,-0.5198492075719607,-1.3431415133457245,0.4799643354929467,0.6983130360330012,-2.5667396312355053,-1.0000444267989481,-0.6295726207976413,-0.06697220637252654,-0.6961678795735812,-0.23829855154550864,-0.1395666312368053
sample_16,-0.12818975545503397,-0.9641070631078081,-0.9021876585672531,-1.261980326301679,0.5201565726412867,0.5475892739713255,-0.8317664000976611,1.495446390778555,-0.26818133601008853,1.6220984664292935,-0.578507920101414,-2.198513907957947,0.29317844676104593,0.18326425344223365,0.05569841603901822,-0.6194642487359592,-0.24797996059321037,-0.3707586488819904,-0.37268004138658906,0.9164835915846524,0.07624090528132323,0.7021448198004661,-0.14174253646480142,-0.3046887525419897,-1.149150132652109,-0.6967607260943506,-3.316316859444305,-0.6723257023759422,-0.026955953213368074,0.6629061337575515,-0.22167820657149556,0.5559817972459684,-2.441533596296221,-0.2210301924923533,-1.5134449493911462,-1.1621287590486788,-0.18793657427073931,1.0591103536695552,0.7168677504457104,0.025816190910596795,0.18513207005156512,-0.750202792431817,-0.5874811253610364,0.35739808041943383,-1.47016110267124,0.7358949040516883,-0.5821598987292389,0.4999551544527644,0.9726720122206505,-1.6562372235846001,-0.8308008913354203,-0.8947261032434787,-1.4992663445234664,-0.8460016258884989,2.343961143239437,0.5000523809681916,2.210146486869392,1.0698649919895702,-0.8883732742228696,-0.6419707600334861,0.47978672874377054,0.24860378033933409,-0.4143441920788353,-1.6885924325604418,2.823143929683673,-0.20728120873439618,-0.6677201771313434,-0.1397035222404504,-0.17174379210654714,0.02046697123248176,1.2047915684521702,-0.18230801800502566,-1.196828334525343,-0.1548419005202218,-0.30664483636708567,1.341499390164527,1.1530574970213827,0.3582830147768298,-1.021681661420853,-1.2277845083300851,0.13928981168071544,0.19761050813121972,-0.2197422198619971,-0.3930638010195389,-0.5169954847110183,0.001982217859381847,-1.9534100871799343,-0.9720076769645206,-0.7041094688519298,1.3833356530207765,-0.8237515674018716,0.1600667224344051,0.19166439527152102,1.2174317361867042,0.9743463675590448,-0.24708544026630194,-0.5457236100749547,-0.5948257873780362,-0.274185199774759,-0.22346466157611947,0.26341974823404546,0.5255269711575357,0.7969704048931637,1.3096911002352887,1.9655442649694463,0.15268794370454664,1.2911476842820861,-0.39815225146674493,0.9146006101308377,1.0423772280382642,0.8272437385528378,-0.05227350280574591,-0.5571408589343504,-1.1886713469254895,-0.09488367884808051,1.657489696667317,-0.27885234715874735,0.7596316532239759,0.6760664011381116,-0.3053617197803997,1.2738978756656343,-2.5728438328484486,-1.5943838811740263,-1.1246944776502559,-1.0226487751793805,0.479089670767507,0.28324091114136857,0.3736567948584921,0.6400704461409213,-1.2778971910519104,-1.1403782876288333,0.5917397248791649,-0.4718402652803813,-1.8904168604716318,0.9959219115431349,1.216036126625945,1.7585549639346612,0.2821753872476389,0.4626940235145237,1.10947936711912,-0.4457310352930715,1.2562190216468843,0.45723292860718123,1.0666194880134978,0.18952434419066963,1.4667901341583547,0.03326660198493399,-1.4380204261838472,1.2326573238877445,-0.9629354263499483
sample_17,1.1064487392118594,-0.2741573604375063,0.939232159705588,0.9928044975947962,0.5817978899853273,0.48813135425787196,0.24675513895137144,-2.0577708064381195,0.1647587886905292,-1.322641532116613,0.2194943005919162,-1.240277609778526,-1.1464489680840717,1.33109337916432,1.3854416620585863,0.06052444287751798,-0.021590444585438785,-0.1026689047435068,0.5619470089062275,-0.6920483830308086,0.814613639640924,-0.39990503225988033,-0.30767889918024516,0.103146679135391,-0.6220440804807829,0.03487798171204976,-0.5320513849256183,0.4241856602645777,1.3656556603501824,-0.7399352668608182,-0.10494432996942259,0.6781572228833365,-0.42089634321911645,0.4163337150277044,0.848726728199882,1.0052864898697798,-0.6297348499447244,-0.9953852231744267,0.021939682450234817,-1.013193644597417,0.7232075362327578,-1.2182861849422515,2.1816418601683814,1.1117460452997818,0.052108472070567756,1.0470061953377565,-1.8323951600151474,2.06966898455634,-0.44672267581005237,-0.21766834620265757,-2.407606089885317,0.5520827950736443,-0.8910890736008527,0.38457951997114975,-0.4825054462509841,-1.0188350704027498,-0.7664074497062382,0.4397724464075053,-1.4453183089040882,-1.1226401264478978,0.5514940097873897,2.415869044167276,0.5904814951479254,-0.9934918831171974,-0.7381858166939473,-0.03196663492384454,-0.6944299197347819,0.7541116862896617,0.3720814252780232,0.8730984277702991,-0.42265895076138066,1.3596779887721915,-0.1581475415851869,-0.8864340501549626,2.1484497616379423,-1.8696695968284225,-0.7214843045648801,-0.3661496181125205,2.404497033346554,2.175826048010316,1.6974562206608401,-0.465440135031797,2.6598399719794994,0.4498151747918311,1.148965775593807,0.20438880402658544,0.034223692617304395,-0.1136911218456842,-0.26154771788802933,0.7846715701137573,0.41199548459149904,-0.07047232931676935,1.719121231785349,-2.6164313085003013,0.172194249674902,0.5942409195825243,0.9729486063978141,0.044716721888989425,0.14880335891741486,1.3551931457404984,1.3041667976453826,-0.24961732596526554,0.505041811929789,1.7332065946178328,-1.8635117201159124,-0.6016302872899805,1.7142480939946976,1.0819192065778183,0.36693171504622857,-0.4470233858305109,-0.8976059508083688,-0.9182680430847758,1.887591100084093,-0.38704639445576655,0.05473148783424411,-1.0539513071090754,0.8367694606509125,-0.4874118267091494,-0.25916640470734104,-1.5073137945129103,-1.4817173708449305,0.12078420405121977,-1.7171509307740747,1.8873401229245694,-2.3536077262565698,-0.5566918058776001,0.03687779513679648,-0.3760784890515514,-1.2396180375785337,-1.2863198838347067,-0.9347226386422471,-0.11822219459830698,2.0312376732955273,-0.1448161034799513,1.2032005265085295,0.41543595294356833,1.22782500672374,-3.1617169350519343,-0.35096030385760074,1.0475381581682244,-0.36114167466824754,1.980459724197369,1.6236670575141592,-0.4548805213030505,-0.6139772040753205,-0.9698237682273632,-0.7798230185856215,-1.1640133671818218,0.2226600942161003,-1.5310472147438159
sample_18,0.5387688643054032,0.5173536857623064,-1.9392890797539393,1.415302623750199,0.6845421553059833,0.7173090584054964,-0.8209628519038356,0.5924196282058638,1.1728417144518195,-0.1904193497548494,2.015762748963436,0.04694287263625016,0.9631161681706207,0.22089115651295946,0.7637374893646215,-1.7161376584233776,0.1706810176437302,-0.5985063816098786,-0.9556513151100869,1.8729744268027346,-0.2867668041585697,-1.3578861407964231,-0.2540829408162676,-1.3793388972536835,1.2761214659150877,-1.0377473953888299,0.5348079015505778,1.3434291454896623,-0.4757641488979226,0.6282983349788317,-0.8652739384503126,2.8113236584596484,1.1690712096087603,-0.387073372622206,-0.5551441777014055,-0.12710802167705376,-0.3491372830809007,1.685614478713746,-0.9178499588229349,0.14865581182115573,0.18623057733620882,-0.1274264766717557,-0.16843900910381415,-0.1145922164580456,0.9891312886879158,0.7539605092769411,0.22651390552110554,-3.0683835257830614,0.36760605884519637,-1.640073658892395,0.6885279659379868,1.617617999335422,-0.736023522555461,-0.009744591724385413,-0.5346520871727136,1.0635152523101563,0.21721702127683487,2.009014568765044,0.30426421971452117,0.17549792503618786,-0.018685088922078125,0.6294924147845014,-1.5195764989423317,0.18227095121958106,-0.44872146372793476,0.672209641206613,-0.5120614981387976,-1.4436237397487508,0.12377728094401004,-1.288762028419288,-2.0596902270843964,0.7233613605765653,0.6191724663024012,0.4133498470124184,1.3358302493255725,-0.7231865125076662,-1.401056715242897,0.18317447852751412,-0.17918260516428458,-0.7972799294560953,0.0392206080008182,-0.744730805035083,-1.7222306810489094,-0.35433020775897056,-1.0937727707114784,0.2561668375627254,-0.482485516739754,1.2637914497168703,1.6612303165151034,0.85552017406778,-1.5951299375933765,1.601050996956545,1.7979316060424309,0.0675199332456683,1.0386608530706842,-0.7833828110852272,-1.8475285942637354,-0.6978118935914843,1.5821009577274934,-1.3986310563770228,-0.35168460508208466,0.11027267857801193,-0.19591848357598082,-0.4102735978028271,0.24581447026272168,-0.4832522067297598,-1.6208011042488368,0.1826163358129325,0.8223194407948129,0.8530722775870292,-0.8318297750483408,-1.7523249113106132,-0.13338719972581126,1.9110725019089787,0.6302775901738087,0.6744597705932017,0.8823410999629111,0.4164116454018556,-0.04242688071679866,0.5069850053261075,-0.4779335899734524,-1.1927505402326781,0.7382099143832199,1.0224851498095753,-1.3425965718555357,0.9217323842533516,1.5367270546031064,-0.01767964288539277,-0.9232719093901923,-0.122550771053994,-0.5369009292545148,-0.4612371506496992,0.5590068870313166,-1.925631931430972,-1.3705153455503396,-0.02418777328792002,-0.13243216534015018,0.4626693823761507,1.5552388333770988,-0.13990800037781292,1.0590910163688145,-1.0618680000162783,0.9326322035163702,-0.517882146938674,0.05584511809534274,-0.015418921967317622,0.8047375846252371,-1.2483632577561803,-2.454616253132721,-0.14280399360626264
sample_19,0.42056720125434566,-0.006935636576812438,0.9962435063121967,0.2828936815721398,-0.6417723640515001,-2.2049857753583555,-0.34973551286749494,1.0001513437926932,-0.3456291843354039,-0.049173459067769654,0.46495745483733053,-1.1018505482215257,0.49367147808734657,1.3583315063721115,-0.21050258691360632,-1.138262962823962,-0.28103802536926525,-2.114759422265208,0.3123064491542128,0.5038196151677299,1.436576716918497,-0.3244479075224351,0.42352420390266104,-0.8869250296295899,-0.4020292758417856,-1.9063337287889344,-0.18941522375000674,-0.3772499583128612,0.3819321614290417,-0.6352686969283071,0.07587657956776439,-0.17611466988272037,-0.29998011540791836,-0.053238653659692214,0.3045303829943413,0.7006484873478255,-0.11776510152732729,-0.4464586231356528,0.15172466962357717,-0.7464942564239763,-0.1284664558960862,2.11684753684908,-0.9423517616771957,-0.2557997491493802,-0.38353792991683366,-0.216949263777412,-0.5248031182250837,-0.005141498885431992,-1.4714488410931754,0.8549844976570284,0.6715301998066886,-1.3123787614482787,-1.8921707026241965,-0.7858269824061177,-0.1969666055334535,2.274175513896329,0.7074263763759973,-1.683870885416826,-0.8345128576661128,-0.2116963292046769,0.15903447852566283,-1.5055060193639171,0.00699759095184943,-0.7593931285264116,-1.4559759821681029,0.199440061952279,0.5722693044589156,0.6839205054144325,0.793848796102331,-0.6529499525586038,0.6230794168027887,0.2787865866135397,0.1550831897166132,-0.5615544583983075,-0.3368249939944324,0.007156141267391775,2.3983518063161164,0.5493315736316673,-0.4177442242624592,-0.7861622710549369,-0.39480280910853566,2.0277308617101086,-0.24506895065442982,0.9847525930776415,-0.28687812301908683,0.28560401015548303,0.7508156881722318,-0.43711945604171193,-0.7190175051197998,1.8344403323229497,1.0580014250462173,0.823821635131578,0.8592472519806871,0.46377788582635665,1.7791715584916168,-0.13702946945923017,0.43968742888720613,-1.4352318415415863,-0.8242768231336177,-1.0759348826637576,1.0631644272342682,-2.671256157145482,-0.09646182287974449,-2.9861571408502914,-0.6219517569466745,-0.4173148764579765,1.6207467986969233,0.36872312154457404,-0.7535867325615985,1.0467707130468262,-0.076669528241736,-0.12367626437882717,-1.1465077238283505,-0.7653909283619171,-0.9252014645663751,-0.10516411990323198,0.09643278197587765,1.474562838997046,0.22024678689331775,-2.3868045074239728,0.2828111839952023,-1.2255888531298234,-1.2865525636474748,-1.0215291006987948,-0.8550456088373695,-1.0807392106076754,0.20522673264487515,-1.4088158429513689,0.37538606044463846,2.1533736003050827,-1.2408758723749604,-0.11592364712555642,-2.307082201731826,-0.5460265665800212,0.6739395012804532,0.608042213632934,-0.013101601049337762,1.0918558949136286,2.141899233905228,1.4475948107516239,-0.30139629125772416,-1.5902974263002054,-0.20059449390866793,-0.9806468084288834,0.498745092598817,-1.1466076691526108,-0.24917500273735946,1.0928778437955822,-0.30005770453346753,-0.9615758901202109
sample_2,0.37922873739138674,0.7584044211763352,0.2882266696683486,-1.9624776183695973,1.277324500949728,0.8956518945979743,0.6151055422458501,0.3415588234653902,0.2666198740596376,1.0681521016798337,1.9388299664676065,-1.0343430082308347,0.906279921021749,-0.10002445988206081,-0.15507983124703248,-1.5724846260257674,-0.5062380121283113,-0.8655235614498867,-0.5457393446635077,-1.1394482857769344,-0.5012382690591544,-0.5953072029180362,0.14834690987984714,-1.7317497467069733,-1.422890072746828,0.06967560597825515,-0.7921748878356034,1.0518082824553163,0.3026060440970147,0.7100195752911316,1.1978435739304278,-0.15067148916827602,-0.5815217238342556,0.9145528570155435,0.8002284203831631,-0.19646877858005962,1.4772791658498325,-0.3190237843018688,0.3703854743257989,0.02896873669926785,-0.6579314849489692,0.07625502329582641,1.2804917633225221,0.3726771838128175,0.07224043208440024,-0.12009787919707234,0.13833245796763585,0.4298831950075436,0.6507368676609975,-0.41351354578512395,0.29067597628754305,0.5452385493776877,-0.8057243318433795,0.45681233642293473,-2.0133824758972727,0.3857467960153997,0.8354785244123323,0.9846924095723628,-0.5304611730178951,0.26271166277678076,1.2803604971732834,1.225900585491739,0.10778919500143502,0.2455686158394056,0.7020098137192851,-1.5872088144431373,-0.6647170574834427,1.2436323379040282,1.2674947821054177,0.2881998710262195,-1.6334350370515194,-0.10293748931561482,-0.5996225867238897,0.2903987162712956,-0.6272207019697388,-1.0796916945295811,-2.0230888897796038,1.4572108361933753,-0.22647204102943183,0.32437808859804385,0.12099671809349093,-1.1978730744278199,-1.1290620390804786,-0.914717159815069,-0.6553275777557259,0.3906713043016022,-0.6014753436126417,1.9052032992830137,1.0497655861367987,0.9844235354834027,-0.0974264949300951,1.6109329986499843,-0.33759390034550474,0.022524131344219225,-0.19005533666555682,0.5769685387732794,0.49551806700349466,-0.3933326314289735,-0.5492138321071556,0.9704788221560103,0.44281950916561597,-0.34942386699790007,-1.161340901100227,-0.1716878209213955,0.7752662311150708,1.7089176374257653,-1.362001374801616,-0.47492408868991165,-0.38679605842754067,1.3326382466159454,-0.12482587942167891,-1.3177371170406553,0.7963432931675897,-0.15285980799214038,-1.3475099856369983,-1.2188461383232674,1.6994291878466923,0.38197534605769756,-0.055189231602814165,-0.27634331139403734,0.3105645971772415,0.37253269654018356,0.2217260869474409,-0.0971796344176906,0.7870849441694424,0.19366819490146225,-0.8596074741653228,-0.6203101598721201,-2.2068354712308524,1.9271175498748363,0.7405614247252663,-0.6829858682204747,-0.13412301217456526,-0.9017744370342853,1.555575321965255,-1.3215248138142655,0.031330367259295513,-0.05856856741990156,0.638392871102534,-0.34580002194717907,-1.801483869917865,-0.256936212195593,-0.7469061511923962,0.14884893392726656,1.6444796196957296,-1.7354717690692334,-0.9424456172279115,-0.4229483402605423,-0.5773908207690976,0.9225076381101283
sample_20,1.0380429062025391,-2.245149153753003,-0.5864671734987799,-0.2047353299933961,0.07188921773941365,0.17639457389356258,0.41650918044202034,-0.06885686086514409,-0.3216392151194344,-0.5342525545808264,-0.5484728621397534,0.8531898880986856,-0.6580708749338667,0.6895062166513024,0.03592068100995722,-0.4905428389855711,0.42598333588683346,-0.5908496488165909,0.6351415656368908,0.24993253182065964,-0.6356979117760133,0.598308265176987,0.5454346407864595,1.3766784359587325,0.8376871937351327,0.20513006688108226,-1.1223886240243846,2.474878540694666,-1.445170496107187,1.0845140110417988,0.36997863713643686,-1.079889532564146,-0.05990591974360603,-0.24783301394757487,1.6416309943967018,-0.6939533391983929,-0.2668179099810091,-2.285365622552083,2.1128540195056966,-1.121433642172233,0.5043142833240426,-0.1107111983879051,-0.1582213699666501,0.6895918363157388,1.8583197457033085,0.34855394211240925,0.4630474305336261,0.04076367177044319,1.024310852831121,-0.5349409977641791,1.2194331988260094,1.2251385385901303,0.9934781527381061,-0.4419680407543429,-0.1265978846991349,0.16693502885845563,-1.3859434732888565,1.8696830998139156,-0.13542199427974574,0.22981635725922037,-0.6369116102102576,-1.5176475564680512,-0.43976449091011865,0.3392498133720061,0.2757247314613845,0.10017749188670223,0.09058716281595487,-0.649425296339169,0.7015126237808896,1.4975179740400966,0.6131602680713539,0.8110063975840789,0.3219795733337568,-1.3671745252419856,-0.8459161009514246,0.38372310428725065,-0.007142682911796236,0.6860224284903128,1.6518834582052604,0.9628349380849271,1.449800524645817,-0.04260690914163534,-0.6645031183759345,0.026431334229066634,-0.7418940253291131,1.5783537395918703,0.7496621059026543,0.6665712438984742,1.2711384284377516,-1.8423517742977744,0.6431729304172172,-1.4619054491712178,-0.08668498995033465,-0.2295920573311215,0.3340221779526109,0.06295819156153169,1.1584285173470321,-0.5286935618614531,0.6209800941894413,0.4394206885479261,-2.1664627725036834,-0.9142553835154248,0.1304050219425097,1.1612185889606568,0.621790039960223,-1.043742336122711,-0.14059690605181094,2.0301712134490573,0.02701860836693506,-0.3274148668800393,0.355773653466879,0.7935495936904284,-0.3230878479531119,0.7964396865327225,-0.4003879267914139,0.6926761072981421,0.18529334927724223,0.4740620383363255,-0.9163205070543013,-0.7670117295263043,0.9250879103330707,0.04036369920036958,0.21317362706050025,-0.5172091176222128,0.8191619774424738,-0.3813646960968509,-0.10039462137044622,0.7608110684852356,1.2778478649184117,-0.8188851492186748,1.7320687787160205,0.5053874041400825,-0.8718969072359505,0.16346242525533025,-0.33103725219101815,0.3497132140893216,-0.15703248496301675,0.1521963108872133,-0.8819185547698442,0.7344649533950802,-1.0705752325377138,-1.209908314809533,0.5459963726210676,1.8248514263525148,-0.4384495736821438,0.8388401238755296,0.8432095529097435,1.0674493067505857,-0.5078709644549236,-1.1232709076676124
sample_21,-1.9190248939730794,-0.46434087340928887,0.9413387722793617,-1.3066670241124612,0.9142412328993891,-0.8980644658543626,-0.03936553189410575,0.6782852857230941,-0.6130820637392748,0.10902674001663325,-0.35574643875006134,0.7638390378247897,0.14180900883761005,0.02075475821810762,2.013539470340324,0.7707340900277774,-0.9248334424395166,0.062303930777208735,-0.13002843536199593,0.10960042116853047,2.2108408695041626,0.3968286078179201,-1.734237784052967,-0.5298166745308819,-1.8792432043841256,-0.6546265633808637,-1.9822664917200685,-0.9637307118124488,-1.5708232041077237,0.46662409869211985,0.005883135503307923,0.5079195931816919,-0.0370227494368417,-1.8567150792157592,0.8044644565474517,1.7987968199693376,0.44115467765800215,-0.5168594980786074,-1.125199358863405,-0.9502983776101442,0.6205188826998622,1.1161322688393556,0.18718958187625873,0.6809286905385549,0.8090337748880465,0.637778700203918,-0.8525460876405666,-0.1025118156336175,-0.6829333100085946,-0.08987091518682305,0.29820138988418354,1.8378893784330312,-1.0662004595902554,0.7967141229039238,1.435089990429997,0.6344882388120058,1.0242465211136658,0.8177450743319269,1.2171977806371237,-1.5661514609129765,-1.4120022419524254,-0.19570636200078317,-1.922938931217929,1.5253747109041398,0.8090034575516669,-0.5038394183440674,-0.718500481589822,-0.3498597331817016,0.17656422087442203,0.02529418214906183,0.46421800445709116,-0.2334341684084559,0.9988223344508327,0.39424262707345087,-0.43913506462794005,1.253743607899471,-1.3295467911035737,0.16134342123502052,1.0099855557318622,-0.6634782027311575,0.4495232020851828,0.4034070422543852,-0.7193107700890099,0.011916939756002453,-0.05405137166463412,-0.52458546268823,2.037059403689058,-0.6302964646278648,1.026205943731423,-0.216040284402815,-1.1092179698143425,0.07559801721896896,0.6947332109597633,0.8781495341839133,1.2937276206966817,3.011630110477238,0.13383881182290622,-0.5940346589598333,0.37957553123682536,-0.03689114175649267,0.6767470091102524,-1.3213177491524646,2.3935846745399343,0.9023920267262036,-1.4409090636241373,-0.6192377088679936,0.9638866484837941,1.1678071502837013,-1.116540479646024,0.6986720572907866,-1.8699002564113893,-0.28404310802287464,1.4067099954308746,-0.30655074498333873,-1.6463327881935346,0.013116986225772712,-0.5642613554894589,0.6130894364178954,-1.041617682269459,-0.7252352549032324,-1.8651278518206755,0.2706638540055595,-0.32142620404508077,-1.3966627098876214,0.06362630347117265,1.1087107316510134,-0.17246993822672194,0.24938925737823192,0.2832313128247919,-1.5516013007591833,1.8196577216444887,-0.3096073270423476,0.7751113331244317,0.5872187980184609,-0.09255470735991674,0.5054174324415992,0.18857825458632468,-1.5679367287583215,-0.37528508376753417,-0.8479246843631527,-0.2276162119348535,-1.426846779396807,1.2786513474895935,1.8239144445789954,1.1126942209681838,1.4396508790405895,-0.508233944435693,-0.5140302995879782,-0.9692570666329205,0.8151889578269041
sample_22,0.20946090049746804,-0.25980946936048466,1.0601041933039717,0.24988037627264656,-0.9800534836649344,-0.6422012985595836,0.4811831303938912,1.0139982722944645,0.5981172685820775,2.0301647635379814,1.6557552921845278,0.47742843964921855,-0.8322721943774886,-1.1356262771438477,-0.48616065287511007,0.8676106263392327,1.6730506552727542,0.5746861791309036,1.2036363170525755,-0.23551795056894992,0.47624775999619046,0.9746512143267976,-1.6845321311433012,-0.38477060281272435,0.8222709268841404,-0.02189029451772421,-1.1913254351351823,-2.577855948633511,-0.33158455198470116,-0.03169351426805929,-0.7417266042085368,0.33605990627233384,0.6708516673989463,0.6687154821825202,-2.2283806722995414,-1.26236858117391,-0.31183654832418206,0.40722843434810746,0.8377021106798284,0.5038519893379817,-0.1501237147237409,-0.3470137090972175,-0.7649146930978209,0.6534027887898762,-0.9639434031511758,1.027321528469102,0.015127443763994428,-0.30495838875745473,-0.50756408411671,-1.3620145009442097,-0.9125542996897545,-0.32808450079912527,-1.9782223879856373,0.060156355499468364,0.9078802912423988,0.4619805906415671,-0.4293905591413726,0.2529811291982088,-0.6967431640697481,0.05280397049813616,1.3916565617687127,0.7801584272587312,0.6316348872483503,-0.4958222233881908,0.35027606828368063,-1.7760585173889425,-0.5849666227392388,0.3926726435434723,0.9900537913587176,0.6146691251786078,0.19653025456261958,-0.25799731459699615,0.576335925586332,-0.869870166393238,-0.6600553102599706,-0.004855074653923392,0.17358906222770623,-1.5482235426517885,0.5469806810703767,1.015237085599274,0.04192211911199976,2.2237416202306526,-0.5367267636381854,-0.2747732703931039,-0.3071857637182949,-0.050633949038892755,-0.2036643278196561,-1.2806446418221464,-0.6187562755587748,0.07896881404781028,1.3132877333108959,2.3592702461407353,1.511905413956684,-0.6464245356663606,-1.1127332560065275,-0.35759106893873904,1.5697625535352984,-0.0626485292427882,-1.2977277356334989,-0.29811143614451596,0.48924257642212066,0.8154676383162437,0.08516445291136844,0.7280189564600864,-2.006752228936809,0.13339734766350392,1.015397461586375,-0.8913082815845917,-0.7562293611302501,-1.8454341754975963,1.3578471990280438,-1.0812073148426011,0.4459616893234787,0.9024832856906018,1.5466983214572778,-0.3427365780266948,-0.5010679517523269,0.18308411814886816,1.113244482462863,-0.20788482250879303,-0.8623494448313572,-1.3094008324255144,-1.5926421277659546,0.6502118843138969,-0.48772793185748764,-0.3811012295474463,-0.6234881127543919,0.06853286139756586,-0.28365829563827977,-0.5490548390719718,1.1803682884362028,1.7784337334579239,-1.421622085774985,0.11955871616559283,-0.7169363713863112,-0.26536331933268154,0.2645534262994349,-0.17869901459598603,0.11684159725833927,0.4213751287689032,0.6905354970075159,-0.6966376688895476,-0.41587983167045917,-1.5227746406397562,-1.0228722935592953,2.1691375212458293,-0.9346120997186813,-1.1212754461871333,0.11517286007325837,-0.027656900927237504
sample_23,-0.16005112834277754,1.3778933648947829,0.30322129986810253,-0.7018314460048183,-0.47020955533045733,-0.4727410206818372,0.655397803115271,-0.34304409299987065,-1.7467622780893062,-0.1344581906597794,-1.4565586761800824,2.3677927475947333,-0.9475469462412901,-0.16404043943262642,0.34322790013802384,-0.24267323515904735,-0.5116474262521796,0.5791453773780663,1.5867053885960019,0.8379235689805093,1.2567797120478243,-1.4131997958254,0.34308643533490574,0.2528716065468668,0.26116396701216443,1.1317823063185144,-0.2154195482939475,-0.4810181310147576,0.6338496040859889,-1.8977275945057888,-0.19477677849118288,0.03799580124406189,-0.9822724101544477,1.141239636960281,-0.8610314818430275,-0.14779931516036485,0.3187333408422203,1.130574402860466,0.32602485778825413,0.9931049584024737,0.8485961927235202,0.12417050145224628,-1.1125557644241995,-1.259734457879825,0.15439226133005793,-0.5520848524360225,0.7276411750210414,0.42626810748923183,-0.07560901254519103,-1.1787135807959874,0.5207639293504895,-1.0698569866497945,-0.5915736415990898,-0.7883697509601177,-0.09835091349345312,1.0047858735512059,0.10777601818603542,-0.2589328090877562,-1.6972671222003466,0.5810417547035489,-0.8318049611442897,-0.0717235071321945,-0.20181829366150622,1.0651239637989594,-0.5336798073371444,-0.12383176911601375,0.24735753534381774,2.1166743786527937,1.1649772047724989,-0.20903945174698732,-0.09984818399463391,-0.6079998797716158,-0.9750483725619082,-0.5082878801882877,-0.5926508575754863,0.579911907081753,-1.0477928501195541,1.5670818306545358,0.8155893812837417,0.17102454155036512,0.12369065536687635,-0.6907271367505073,0.4430994377964747,1.164769407880027,-0.6340932794291637,-1.50293952895438,0.6754033486210567,0.46840019724739584,-1.2269718281519677,-0.5564330751803652,-0.8711411763578255,-0.8243553636228588,-0.4634080889028852,-0.1889937514260714,-1.0647591412192356,-1.0074734091756008,-0.31480272428124506,0.2930363033758131,-0.3450627396102639,1.5472122557894468,0.2128668609472777,-1.6371211927529714,0.7357911408904318,0.649363552579689,-0.24109825969775997,-1.3471606827340932,0.030761350805434812,-0.04565706740165143,-0.9920626966574337,-1.4358985399053408,-0.17283467022647545,-0.4656888764180414,-0.28017645729414375,0.1832699379953413,-1.2188883759058682,-0.6758362325148759,0.5372532521224214,-0.30960718196299086,-1.8229897416765335,-0.46766570319352796,-0.9707877698797993,0.36043340200495116,0.2536968139555098,-1.8657003292144319,0.6694179559011003,-0.8410673247939834,1.4271418979706463,-0.06363425941767387,-1.396880575982182,-1.484480738086185,0.2753642246464313,-0.22692210448970185,0.04539612954193323,1.4805193317404532,-0.6408877455524148,0.012475952596844201,1.594155739275797,0.37845510554512996,-1.4897252822087002,0.2559085508795484,-1.0789218690148792,1.585262859888983,-0.602807509922019,3.32855224872964,1.6831813332565795,-0.7409232111062113,-0.16069464985082252,1.0009174882757554,0.5729595672847694,0.5898184929763028
sample_24,1.105662626831595,-0.31021786993742095,-0.6259564444677425,-0.5154162257106827,1.1089351012387243,0.3519013168728343,0.1280383849120105,0.7661918537040807,-2.004666222163817,0.2643556169806084,0.26598399961153224,1.8088555853932187,-1.458144736159063,1.2906872868590946,0.10839120725202223,0.5860370164164567,1.5174786266077822,0.7205834050672882,0.38031191274946874,0.28126729557123564,-0.5327696252657439,-0.11310675135365321,-0.5686752648229962,0.028829818113100467,-2.257519357116832,0.13996347292527192,-0.11634938055524406,-0.40924656113600877,0.2966921175723027,-1.5208956857112281,1.6361818909667407,0.07178162779928132,-0.084867675156323,-1.3321780493573605,0.2870098445988264,1.2925311630270686,1.102234878633241,0.6685628921426338,0.8962266354869264,-0.37122033430951973,-1.1329342151835156,-0.21478006143195957,-0.2909222343011303,0.8971076202688718,0.3753220188502377,1.891767173110388,1.0063011256800307,-0.6853650012723431,-1.549178979851036,1.1778024379744074,1.570830682431982,-1.4453698351007322,1.3608578546434986,0.6888766967152976,0.1848954863735925,1.4050122989922298,1.5839148125761573,0.8842060543204294,0.36563303376789286,0.665208163930003,-0.46736506779169307,-0.24452529073928167,-0.7238842646107488,-0.30837067579261535,-0.7377178182276555,-0.7088058019471095,-0.14619539805134515,-0.6346602744771256,0.7085865196932682,-1.8746287150131584,-0.21829763260609686,0.09002959474235495,-0.30843414173487116,-0.1645557574620365,-1.3483057088542285,0.2864664609454186,0.6392249167516079,0.7389770675529992,1.0749525440216299,0.3741893780875666,0.6277250250544637,0.01844051166639456,0.8723083044075881,-1.4828284764204498,-0.83614882093583,1.6068622752422497,-2.019576757554853,-0.0009384918388656543,1.2036338851375348,0.08332631519567689,-0.39600319985195065,0.10454048512722873,-0.4984548971258462,0.07836074576989989,-1.0994879559030786,1.018501548257169,1.2315777593609254,-0.028444450053975508,-1.3532947961203008,-0.32331028876127077,-0.5553960578797452,0.6171760022164049,-0.6408222044479392,-0.7391958397528517,0.666884259686859,0.9066075190623741,-0.6963946374428609,-1.404090696445413,2.6497111593723406,0.7679868405759384,-0.3365840109709193,0.9270444746101614,0.042802125455878866,1.1779349967937789,0.11604362993919534,-0.05203065532327262,-0.0888890263650947,-1.343347096228014,1.76287433760805,-0.8702711406311439,-1.2434276851797772,-0.08290785915427207,-1.2811589551829667,-0.26325867413061926,0.5930537756942095,1.0797570382985178,0.7561553454530524,-0.31731346487492545,0.03589796666347728,0.1841357343793838,-1.6281294900052055,0.7728730075085977,-1.2735770919583653,1.9332944982059452,-0.3521180792431971,-0.2082331249669542,-1.0272396446192569,-0.6597763248919363,1.9040611341224545,0.685400441982927,-1.5477564199872866,1.6934945630708371,1.3431347357383994,-0.24811969918318325,0.33011849420778117,0.08363853979164235,1.7002568707457741,-0.6884615398660995,-0.05651445288714609,-0.3826800994474608
sample_25,-1.2419032724383239,2.240223635638732,-1.4526684043183273,0.061751727747311747,-2.090438391161585,-0.3743694522750332,0.2461587794418937,-0.8623712272473149,0.6332395732469716,-0.3800764138077599,1.1897719449952855,1.4758859034115122,-0.60384393157599,0.0378700913459201,0.2471977770050328,0.7249565742893479,-0.19745256789049903,0.34335456500226924,-0.309520021596257,0.1466109668200324,1.0920769425349608,0.7482831053539267,0.681964619684587,0.8895488814062917,-0.21210472631435018,0.024558348672738508,-1.0799635265967622,1.2530161022435402,-2.9251915472042342,-0.04870994323157522,0.9697927331802051,-1.2838344400994164,0.5473297542576493,-0.9840821885708236,-0.12810555547021052,0.87540529866421,0.2184165053033102,-2.0060242163388846,-0.6628160689931086,1.0343943272100404,0.6167443037619322,1.8212175265528017,1.5556594598650813,-0.3110274030028845,2.7642914735305713,0.09111242889948797,-1.157213895343353,-0.8491434950493909,-1.9715237053715546,1.3829839860408,1.8620713720947764,-1.0672238979287347,-0.13475898858128538,0.3780172784784309,-0.8764161442636704,-1.6286014811387959,-0.11677028660333773,-0.13137154317470404,-0.5236128719259713,0.1496544917489704,1.285693530884822,-0.49277905576900805,0.29792391679301305,0.9345937967032861,0.15949193733184608,-0.6876125647467656,-0.1917182014372889,0.351733355824889,-1.218292715988958,1.2593683772827087,1.3517869411424848,-0.8184694292771028,0.21735674846178002,0.5716677818184891,-0.382119867688825,0.4101508174017692,0.163830887843149,-1.1954546719576566,0.5506130369811059,-1.0866573645408855,1.1129610471174047,-0.8039854346000872,-0.0004040464606233911,1.4470660370878323,0.638712031048866,-1.050547362800192,-0.7882014141759393,-0.4648022030356306,0.379147218043954,0.534624862948135,-0.8543976018862123,-1.305881364897351,0.257193197048198,-0.11286141143084073,1.9277747381026884,-0.14495679179839843,1.5975572013634303,-1.1356960892640735,-1.5292076060321826,-0.986179397389004,0.968880771438828,1.9619387121211165,-0.43785983492819947,-0.42748978662412257,-0.946275590624169,-1.6401583500541477,0.8510944125042361,0.19080312427093793,-0.05624852429009414,-1.385437364249217,1.4035282252771184,-0.8072408641630145,0.7686914396625579,-1.251489281736355,-0.2540470973931817,0.18523767508831565,0.3376237106766003,0.1657336815511547,0.3289801996040873,-1.032558360871839,0.22142042632234102,0.21876754994583947,0.1492023134536135,-0.13955732350311514,-1.5087036626258767,-1.0284691512877098,-1.9739316333918389,0.7919626834086047,0.8960896613581362,0.6531882977658724,0.23802860563679423,-2.0373913312659777,-0.856175834927315,-0.046885583319527274,0.1769957346492429,-0.24237374709067874,0.33595476828631404,0.07999497688808749,0.020914882645456455,-0.8741045435902215,1.5250596867394477,-0.4565579944182779,-1.0929164267930742,-0.7870171600844349,-0.43363862894765987,1.1479503373000102,-0.22005418540938768,-0.02342629619169377,-1.4333062006688662,0.9731802162337854
sample_26,-0.5590280591415709,-0.2849393249676003,1.2478325674616975,0.3555654545463047,-1.9520204155749423,-1.6767027670219887,-0.19336703418899256,-1.2524364583510061,0.6949856764792381,-0.03365794551183842,0.21380116595353416,-0.7672520328838367,1.5078896706865241,2.3784484463304136,-0.3463880795427586,0.441159851788062,-0.11174883430619065,-0.1146518915272911,-0.9402984296255243,-1.1254386656186381,-1.1275729424154934,0.44074026255370075,-0.3958007337259709,-2.812129635135244,0.3490565117028962,-0.34935399037033527,1.3523317467399745,0.3253814629760131,-1.5257062380055129,-2.3913742013231722,-0.6027214224951603,-0.48970610235969153,1.176925896330269,-0.16236894085942055,1.4599479874629242,-1.2723450827668583,1.0277075894856602,0.5450096217641134,-1.7294025747571495,1.400353376203609,0.28923064607695775,0.4047212788897416,-0.8963607858792948,1.093784473171058,-1.2529085362010437,1.0069720014829076,0.6288342030063074,-1.1639778135203647,1.9080239465628719,0.10850572728455103,0.6978976448800509,-1.6188698109284851,1.884751201526224,-1.0543449378288567,1.0030533480477017,-0.9441424207933454,-0.5636730995644413,1.0277296284862032,0.9377366907064412,-1.8068604798700618,0.9608260414308173,0.8567210745008853,-0.7578279341579799,1.95693307039753,-1.8000375664667827,-0.698115949201413,0.2397520280373368,-1.2340490397247506,0.42684846993044867,0.14899009377310204,-0.29321674571906226,0.8353143528746981,-0.22265967473853662,0.20048186466630058,1.190426761184111,0.715635970446262,0.7750768029361432,-0.8811074814381789,0.6099903598348582,-0.8379100898354717,-1.2268284370218125,-0.2080140057755512,-0.7643132953360572,0.8692728508155058,0.9762985237009519,-1.8709323679559688,-0.6292329904974925,-1.3341675616758295,-0.5297807539781074,0.6314445239578316,-0.22573889329763064,-0.6777548271628449,1.4698820320497696,-2.021398523102315,0.9469516530085499,-0.7753662821499939,-0.17376492322820392,-0.4491099234336748,1.4064809142410237,-1.1094645570917994,-0.3381248314139391,0.6407254015515922,-1.1827437568120551,-0.8914506760017042,0.03411347814936656,-0.7837131251615733,-0.9204305106879512,-0.39631008083868885,0.47202153705728145,-0.34259602261249344,0.8911284660919879,-1.432014962054014,-1.200833078138089,2.286259940473176,-0.7484269363824849,-1.7146472521994043,-1.6650898929821845,1.0327841857643698,-0.5012430986577304,-0.2796202004534716,-0.11396450721404636,1.0492864548263927,-0.3437540356630746,2.125620250235925,-0.000722044835569059,1.1403504632286827,0.7476010724923348,-0.05145778959344615,-0.6678550173024149,0.10240396181025009,0.42179808175749506,-0.41535324971266235,0.30033428906583787,1.0817416518535035,2.0723120019048,0.7285931100539405,2.1244268072124273,-0.6590893609221267,0.5291147345980605,1.0785262248070862,-0.7551931779092731,-0.5174694191797502,1.8688410739319647,-1.0115820997031217,-1.590837563145805,1.7112306634758074,0.9608415803914494,0.6504665649991994,-0.24577759672736288,-0.3942756722953905
sample_27,0.2574454482934267,1.5660531177180546,-0.011860572542283582,2.043517966904991,-1.0530305453741389,-0.0138341020429667,-0.472430567146307,-1.124160401039856,-0.10666046594104273,0.3837148018970085,0.5658906701187959,2.352851078886814,0.34966025439851445,0.9462259911884655,0.0964242884905791,1.8531805478794339,2.2632280414865265,0.6903724067558968,-1.1123758620709487,-0.5571821760048496,0.16536946606554204,0.5061937733636456,0.6794660161681797,0.5948009353420762,-0.06138456185487217,-0.9754626176154969,0.40662258736997403,1.8601050210729668,1.1552662124254116,0.6312303359405108,0.8756895889214937,-0.2166229408944275,-0.504792927663625,-1.0660445142244128,0.1292785288932469,-0.4184303553919641,1.2840477912354864,-0.5625953519319666,-0.484980947278188,2.0536543249968418,-0.21273391981579173,0.15558086874240276,0.370504812389614,-1.001015279861959,1.3837826383975604,0.7858660852731832,1.3677576065938621,-0.8912863402842588,0.18400060083793215,-0.0695543576318675,0.21533061112981405,-1.540690334469892,0.15687030497605955,-1.2734115164143975,0.3720136986146363,-1.9648733460811427,-1.911713897121729,1.058846945360018,-0.6871181217781609,-1.435690841329355,1.1336557255945108,0.13860748786387034,0.9662455765282817,-0.11276580286747014,2.230576433673432,-0.6775551270248185,1.6667936691937064,-0.3374308626480459,-1.8400599373417863,0.41155131777599213,0.21678647823749156,-1.1678414789973617,-0.946088203141866,-0.031082756453694266,0.4499882059462663,-2.507861061087148,1.0372418285798326,-0.2354456555975482,-1.0696418661677891,1.2041604613026784,0.09846948365400522,1.0722677874996538,0.6156891029178375,0.08240825572173545,-0.050046979369385354,0.5063874855725897,-0.27590727185309577,-0.7206861247350299,0.6073829532916624,0.0321288541910348,0.06290128085428644,1.1487433411687868,-0.21362280593546618,0.06414282862084827,-1.010254133245789,0.28277722981615916,0.22680019287490674,1.0757877764775354,-0.5926778703727652,-0.24990598045480883,0.5281858747319209,0.34476808160042455,-0.5493364441044748,1.357437805955874,-1.4547836789432338,0.763439238001316,-1.4396689095096835,1.89487399575559,-1.3416730730843278,1.1318745449117262,-0.16743337897720525,-0.6344247607016817,0.3845814614574727,0.9317647462920907,-1.0090763934289813,-1.1275617454173694,0.6498007000551038,-1.5882258526666648,-0.7425390165915936,2.5493563660507332,-0.8747122542587827,1.1738477823487874,-0.8309781438327544,0.29588712519743643,0.5572472068142386,1.201572866158226,-0.1586670708056011,1.9488265005888432,-0.6704702862718601,-0.0028287044899453755,0.18242737696258618,-0.9863879827024155,-0.13802707138119572,-0.05631234810611753,-0.3791658552433948,2.158791699840231,-1.1097485889210381,1.426403182762269,0.6642974920033818,-0.2567904461162967,-0.717409249850129,-0.8315520648947778,-0.30851879501630586,-1.9035076633654486,-1.1972046867216668,-1.46442324092552,1.1029570204033985,0.8535735501908502,0.5752435269995235,0.7534829004972557
sample_28,0.15692179314510205,1.4347887332936795,-0.8735543819711166,-0.0537438527890767,0.9719107702257924,-1.2506808600226655,2.6636267515732253,-0.004544244846208571,0.1884184826078599,1.3179624780328587,0.9492597232420473,0.040450835996051704,0.046398264621382156,-1.2999328350461423,-0.7033845263371649,0.6161107524281488,0.24586084323501115,1.3928905409514676,-0.17782166067487054,-1.4458533074558402,0.8720674990129309,1.7570751640528675,0.8558548729996934,-0.10467470307320416,0.9110246523895447,3.281171591873738,0.12058388579549519,-1.4195770896562228,-0.568183224828605,0.7304815074910379,-1.3510662211959106,0.3643505075217604,0.5248014642467456,1.7258997051627665,1.6465057802914405,0.7984567597507126,-2.271812863926475,0.7302386820397416,1.0591253802332499,0.2763138723636998,-1.3909572925705842,-0.8161605147893787,-1.186966310754475,-1.7638429688077517,0.03523977930702983,-0.8414054659642595,2.4363376958692027,-0.4193504532233552,1.2770444437619424,-1.5598886093969608,-0.7670888851228257,0.13222454826911026,-0.7204526876218529,-0.18379827647211397,-0.17356785072013403,-0.2592031697176957,2.1421544250207445,0.5989777325920917,0.37212825509543246,0.5647115233644066,0.5029652180242677,-0.27234023545639935,-0.1699358518027499,0.2778138767086818,0.7467280031737769,1.0790060582549008,-0.571485479167999,0.6010749329097909,-0.11485165114338093,-0.0760317753179165,-0.5843272447839224,-0.24302477157794888,1.4139264244436407,0.07475827017982195,0.2506740526973605,-1.4962940548411876,-0.2999314572854551,0.01424921317791271,-0.6149304964557164,0.17233052456378553,-0.3288598371045086,-0.057205891260107604,0.2903387150981185,-0.8654859674590639,-0.31104265654641017,0.10241169350330041,1.0852155999127258,0.40005518005008617,-0.7410957428533664,0.5753061958996644,1.8144625355142163,0.9609163847089488,0.5738125143966312,0.7029204174333878,1.163379054235535,0.9826368112177959,0.4298571734203485,1.2550281943650252,-1.0661056592445282,-1.4110662913220178,-0.17676048733376762,0.14741101815742202,-0.22372125740425114,0.8718923186217895,-1.6126876271884185,-0.4578913991235936,-0.5385993562527627,-1.714703960363569,1.1706163068308886,-1.3451422718759514,-0.6298052058304073,0.9762636320986877,0.8926935563763463,-0.88903347386709,0.6692954461568469,0.18335238521735614,2.279196111011841,0.40056174488406576,-0.3025217029627925,-0.7972521772691521,-0.6642401365366573,-0.6490122472816736,1.515165118087577,-0.19377630098468288,0.4617414314937967,1.5527376926949563,-2.1038978416277403,1.2475964672060889,0.0423157862172502,0.21338678049033719,-0.7880651435158488,-0.6050859393700565,0.6129639684141477,2.297842337674653,1.0272445376373514,1.0992272399580567,-0.33559328077534945,-0.6254572103175744,-0.7675401171457058,-0.7252156931625813,-2.159087206678525,-0.7833994162277998,-0.3494294766524942,-0.13165139904405235,0.1261740374470165,0.4817426504728973,-0.19399447791417906,-0.45428506573017413,-2.138837711721585,-0.5470903312335178
sample_29,-0.8392274735182567,0.33883441136346615,0.6686254524473167,0.7930861552024357,0.9840898424383591,-0.12202135898505387,-0.6070117306595312,-0.7843281236358489,-1.46110211128819,1.0230440812079162,-0.11989172907148078,-1.3524047309763318,-0.8213065850101359,-0.7607306630685311,0.06678634561749203,1.2024998694249494,-0.5714691236411223,-2.1434161730264023,-0.25141441560768774,-0.1410702230263248,-0.2969367968617807,-0.8779593714990562,0.2548797957005544,0.15296201972984377,-0.09120660668888576,0.12279267466343478,-0.424501783149013,-0.5649926658813303,1.541751113601991,0.6581845170490569,0.7044201878126748,1.5002485411400368,0.6935122379965554,0.9838786867465452,-1.4075836831940947,0.17380598005789336,-0.18324555223930902,1.4307648137073539,1.2865406229005643,-0.6577460096291884,0.5465873419365745,0.17036416500674428,0.37340060911776524,-0.8986605371779167,0.43045075027013596,-0.19537964571332864,0.08983992937384552,-0.9330419443906948,-0.4420092808004972,0.9816183335707329,-1.4123088114331044,-1.0265167726663895,0.01703313226914586,-0.5632072863922183,-0.8051048741295374,0.04595451816135412,-1.5327384300101046,-0.8487464320366486,1.997183132163168,0.45970966203726155,-0.799379051920477,0.2292922357634236,0.6759607697975013,1.2483444585774826,-0.5043693440431866,0.9270326284767981,-2.5990665013663543,-1.463513781010526,0.3087393300200387,0.2451620631351623,-1.0297179396684377,0.2260051714000978,-0.6349932085784772,-0.25905310068485227,1.077326187913323,0.8325147879438461,-0.9750291725837212,-0.7904458708620353,-0.23678835578861943,0.11799879440251951,-0.5698503164963492,0.8977789350989416,0.5225793275330817,0.4872973581748376,-1.2318867658555048,1.1886639964205965,-2.3260177448887482,0.9833504294322379,0.9513322986937077,-0.25561748427658143,1.3596807022288437,-0.10487398529796649,-0.0037184625979239418,0.35585801015628116,3.0247766206649236,1.2743581130242982,0.5556333336094906,-0.860665479094388,0.08819763723767166,-0.6449169519586792,0.5614589203103836,0.22460466284725392,-0.7455312232571307,0.11965951209882335,-0.6393635859219848,0.17727352417910316,-0.9706492543752504,-0.009586517521196162,0.555415285671125,-0.05690191287873975,-0.44962932581285797,0.08573048850564292,0.9490998153442195,-0.8879960543551959,0.22314426463443324,1.4019976304241137,0.5762905977715446,0.07446105707387912,0.4732216364711316,0.32681580419386114,0.7445951218724659,-1.755677057754407,-1.9908395050367167,0.7902457889184926,-1.7574303845657668,0.5385837479193942,-0.29548317059625795,-0.9993304024457497,0.36762746562191695,-0.038558410081468104,1.8682481725294475,-0.4696367434324617,1.5350940594705709,0.14585285723693875,-0.6034384015639026,0.6789026433998663,0.5715950037021568,0.107887176968082,0.1481808058678418,-0.8325572051248443,-0.6695522277369774,0.8659446791913806,-0.02472411258739013,-0.02682297846725582,0.2987885307773772,0.3792484322916776,-1.542031748351622,1.5814429703155124,-0.08102456425795686,-0.13076125225555657
sample_3,-0.1407746993827149,0.2834490097817299,-0.8887833000212294,0.0717226612638172,1.0097492149158116,-0.6910380679914794,0.5709944922068606,0.019389070801481428,1.0919069239872947,-0.3048277247817217,0.42559710360534725,-0.04487634754852954,-0.15890543361435974,0.1920527152006946,0.701154066100036,-1.26667585798332,1.2674074796831571,-1.7434648848305512,-0.7825048602229691,-0.07543871086886865,0.284328159135784,1.935953276798217,-1.577453159228914,-0.49045510250403335,-2.061521834103211,-0.27617822419392074,0.2771440305890166,1.586489606237585,0.19033389132144854,1.1881277886182309,0.49892738359278566,-0.28561751468849883,-1.5484000226142054,0.18480169695327284,-1.3153723388260714,1.2057492342277303,-0.1614561292944602,0.9840364160989372,-0.15480328850797245,0.28991439250272905,0.3960024089179367,-0.05183684401135931,-0.4803314596315062,0.3270696062710322,-0.9701225701497089,-1.3081886906084081,1.0517099570695574,0.4089896519161547,0.1535924407946906,1.4368389384045157,-0.44250526699952225,1.4539463123806213,0.2126077115491749,-0.8375576808251266,1.7823509538490665,0.8432143458983671,-0.019066621878713108,0.9634130627938358,-0.5393952225232285,0.9438278132635948,-2.375115623388711,-1.2102462951785817,1.0683249848423042,-0.21058537749521178,-0.17823753872156597,-1.4308957550463228,1.7833611785740322,1.079474059512976,-0.12206073608908752,-0.5523078320757531,0.9432609014077046,2.0583020436976023,1.0098396167171675,1.953909122476398,-0.732242000436629,-0.8757499506191188,-1.1633618143884217,0.687913769900319,0.29407520497479206,-0.022516676252218246,0.9760432382734453,1.088335357096985,-1.40315843351719,-0.50908951621604,0.9822492002398815,-0.4408686870198772,-0.6035951149055857,1.1697365340050563,-1.4064742664991752,-0.12487198919838377,0.37165285922958513,-0.6604166855353895,0.85434141616707,-0.46078281560047174,1.1299854011828188,-0.32114610178355396,0.5276822503211206,0.9105518965818493,-0.6382861807101898,-2.0238838930716705,0.04931600788243769,0.15129040485008183,0.7646386395097723,-0.19109279279120733,-0.23696151407752436,1.8969297650927148,-1.6788843143329035,0.7144246502203133,-0.5398796661575901,-0.3357520079061178,-0.3822996976431731,-1.1864485417596047,0.8101631513046341,1.7257065839869012,0.4445709591415697,-0.03767130493893283,-0.9337303673759058,0.5068970631868848,1.97966580556369,-0.3886651359612345,-0.3178641400273988,-0.4045445737046338,-0.7152485571637788,-2.9491015820153423,0.2900279044488825,-0.5980495561874162,-1.429531843500907,0.728413884813163,-1.2151547566618983,-0.6196132162698467,1.2862309071111273,-1.284956883226021,-1.3465698763582463,0.057835669984886186,1.1704630024312657,-1.460766778919744,0.38237438319044736,0.7364365546783455,-1.8855007354748903,0.545322251217659,1.3971010941113333,-0.32434699813825757,1.4001817951383686,1.3116979489418836,0.09279603830462853,-0.37681533508928666,-1.106952124748382,0.13852628764790664,0.36180062418321535,-0.2665269358034385
sample_30,0.3876204448572908,0.08592370135788478,0.5243301543707279,0.3853101590759665,0.935951032201107,1.2887224987584438,0.663428486652297,-0.1945992561738539,-1.0764968367218941,1.7752330916022736,-0.18171774455801162,-0.5138915215946878,-1.6469374891012678,0.2593648025144206,0.2027884218818881,-1.549662652537611,0.25554351647166135,-0.35745559185252995,2.834086837785762,-0.5789687919837688,-0.4887286524945001,-1.1937663819945146,1.1909716457686983,-0.3391768965589691,-0.7474310439227517,0.43097274297820937,-1.3751972342802528,0.5863581101141219,1.9723162692267853,0.6661143972920357,0.5446237406324443,1.1175197440409321,2.0651014292834446,1.3281533748233796,0.7264072102407227,0.8356338560255144,-0.9250355439567949,0.5962131878874013,-0.6926393262958003,-0.3801562766291687,-2.6368911567346727,0.4145244830072819,-0.6836242703628469,0.9512600378450983,0.46331077999272646,1.3381142207117078,-1.2783298872137738,0.6967258970277631,2.020091537114318,0.6020206671239308,0.8667403743135228,0.21061293909892512,-0.3902823746854341,1.1001686251694849,-1.3930704962651888,-0.4247047130932343,-1.8236415769228225,-0.5309318368228552,0.5398724706276848,0.5198434347477163,-0.035254926348931084,-0.018784155962597755,-1.66071701484053,-0.3547190029993056,-1.044380425289861,-0.7329143494928461,0.37572037270331565,-1.2419049628837682,-0.5994662617745841,-2.3793382478264853,-0.40200766348090555,-1.2066724162394806,0.09801143515241356,-0.868285974245746,0.2221054716736411,-0.2088797178324739,1.644717431586543,0.742607043561266,-1.529135890381649,-1.2715497785899244,0.18152574671248842,-1.0610979801486298,-2.886445117676499,1.4244846077534676,0.8762265840578904,0.5445229604356684,-0.4409901150115592,0.5727773153151321,-0.7860771947169245,0.3812713542849581,-0.9354693463948242,1.6131169079641368,-1.9474962538057632,1.1584291130701303,-0.32972638446643915,-0.7158717988269556,0.0556690989224429,0.897017130160838,1.2405375808964128,0.6072050508928767,-1.3399006721042135,0.1333773826901835,1.897900921449279,1.3989762357173914,1.0492114228246459,0.7739967330517289,0.829196835109851,1.149781017692388,-0.44236395530441874,-1.3410834934954046,-0.029975475426726902,-1.2043264863303755,-0.983643625353171,-0.4831426069517082,2.576050661545453,0.0011527415604930989,0.3713382606864901,-1.1313840499315486,-1.9936185456628923,-0.7650935631939605,1.3885076581534093,0.42244548755673933,0.5890749365379084,0.5247481646452857,-0.7778884942682119,1.4376407456929927,-0.5485349637185758,1.3733799935997484,0.4700594658233585,-2.1811177747131576,-0.7153977682588932,-1.6754878862854758,1.2667444159187655,-0.25354228114108723,-2.1390683056351527,0.2971392430980072,-0.748832539345807,-1.6442243251583575,1.3827293830380893,-0.13717114658021273,-0.023288574204817142,-0.42172705560340296,-1.2691906404291746,-1.3740661081019327,1.4704793217732095,-0.40048404833756246,-0.15873712289952388,-2.04878555836221,-1.5018446091878535,0.7769223085026459
sample_31,0.34116723179422964,1.757306150369273,1.1086079946058693,-0.3971788268908512,0.6344963035863315,-0.29600070160283054,1.7220098177452954,1.1218493068470712,0.21611466399089949,0.14231062732849717,1.4691784571025102,0.6276668869560573,1.3421207983297014,-1.883413869378226,0.6040567353813302,-0.48434074284678985,1.6005234274893416,1.7239852419335808,-0.013514710999648998,1.6520235376769292,1.5346085065724884,0.01828522355090158,2.2450152121743003,0.04365928704656577,-0.2690133548908894,0.5973776328036299,-0.34844566394509896,0.02733354341530698,1.573201635793257,0.06759318706880989,-1.4273209998386467,0.5771000384621318,-0.7226554403089208,0.906687363457499,0.9975351422195837,1.372396893541533,0.966808728295661,0.8868841691675872,-0.34817791179978613,0.8538298714001533,2.0166933676885783,-0.7241111539508899,1.6683596897597015,-0.49090061608197194,-0.889331869374957,0.3992529271692927,0.5239743924998512,0.5796448268274582,-0.7866764195112987,0.29660872538992217,-0.9594516675444474,-1.5776823247154028,-0.7381735464580086,-0.5404333847323259,0.5265765302941923,0.9886012442600657,-1.4978953289200443,0.5715465568038193,-1.3371666196692304,0.6818282162319538,-0.6807253448059493,-1.2418073510921468,0.8972598369580241,-0.6061009060349066,-0.6883447748953503,-2.317120471563321,0.7669865183454236,0.6611341014449841,0.12154050476394866,-1.7717429565028588,1.125951031840976,-0.7583692262221793,-0.4572408043447779,2.0806461945600594,-0.5289784853771168,0.6677223565952207,0.5552924666534759,0.6370360672964747,0.3903337353630782,0.5704309290466868,0.40988949707645606,-0.18834264269574877,1.7192107843242714,-1.2200187678768415,1.1958599020514582,0.8448752413440804,0.671298137156944,1.2691946020617075,-0.1374548923187297,-1.6913570726067513,-0.04786508196419794,-1.114419222767769,-0.9493636879749117,-1.066285871878412,-0.8799124046366741,-0.8321629607393384,-2.326147064624498,0.8616466751824831,2.044693366782015,0.9330510727520706,-0.5764158277211129,0.014686631817327522,-0.1132462649052676,0.12866637030051936,0.14088270799170968,-0.7414761664990749,1.9649083841025095,-1.5618516310965016,0.5288499777389882,-0.10438741222149084,1.641578266117364,0.2596007822713994,-0.2169065006765595,0.011351657154668508,-0.010331114828100665,-1.515300160351307,-0.7212072513234548,-1.6613244899606272,-1.0790157250968144,0.018886088869018214,0.3181138480017939,-1.7144811679958623,-0.2930223635460559,0.3500956365772743,-0.31869329882581404,-0.40504237570102875,-0.3496626531423438,-0.5495368511747727,-0.7228667887860601,-0.06785322913434509,2.046627557116007,-0.5932111875311434,-0.16930911202157198,-0.2820944774781631,-0.629238519693687,0.9484263829936552,-2.944217240444366,-0.5457349633766818,0.6309375928461537,-0.5334865218358189,-0.6635453042441559,0.5118382779957912,1.0662207802156989,0.2930458110091471,-0.961437284837375,0.5806396710453016,-0.5629545158676316,0.9916991929067992,1.2635878393134057,-2.8152978797484254
sample_32,0.10805045636578543,-2.087306771688404,2.2234376940348533,-0.638852810366213,0.9710668366526876,-0.02869314388520877,-0.861111517322161,-0.9602066278894497,1.6321364110807084,0.9830772486522509,1.958522701298706,0.059293066008400945,0.1895221703167573,-0.25317204824686934,-0.3573048725120332,-1.0453611514514796,-0.12558683269039356,-0.6537560254817766,0.4248244606179168,0.2046597505220341,0.17061202825693247,2.0623161627244815,0.029642164841900884,0.9272866878732593,1.8550530058262409,1.0588875385704812,1.158792748968019,-0.3786782118980527,0.3072985824944084,-1.394838905552075,0.4271447624162472,0.4772813164584483,0.11121318434732404,1.1047163573085306,-1.0148536804469046,1.5270034949153695,0.9607247446132969,-0.18791398086898722,0.18456545307193395,0.5130633648616001,1.6043118299231194,0.10134739353817593,0.07473519946158662,0.001952835021309613,1.978932605484764,-0.35497418879030185,-0.2226023684799853,1.089704972282866,0.22781380233209408,0.947536428125138,-1.2387504582340356,-0.1936115459086981,1.3395005784830107,-0.45953599700090464,-0.1104670759292379,0.18243511034851678,-0.9685078251957178,-0.22821873064817888,-0.006504960774018194,-0.08087678485728124,1.142764538726057,1.3537232874013638,-0.6798478372200384,0.21267287447086577,0.2765232523478653,1.4749326816152362,0.5098119196511728,0.061281650991874416,0.9027506418288863,0.6188874603594189,-1.045909205853109,0.1551599947658154,1.5367789286920337,-0.19615301809497965,0.2452504682996934,-0.3055749464711361,-2.2674788502698,0.2725459263374248,0.40823922200748336,-0.4271477876233193,-1.0932467376838186,-1.012146706017244,0.9511008557014792,2.0433203015653074,1.5788833300692913,-1.3145289887744611,0.804382175972214,-0.5293209162782903,-0.6566272596669519,-0.28517474000123055,0.7665673027706583,1.007197150275789,-0.19475785904464188,-0.02225357866916158,0.12357266153666287,0.43173196394581814,1.000339728028789,-1.2574074066413283,-0.02821096616887797,-0.9283011037904342,-0.40770339735920064,-0.1696553280141954,0.22308921597268916,-0.7700845735284044,-1.2519827054392947,-1.902004098765726,-0.13004622430133447,-0.4794639778968951,-0.6236431302370511,1.2998373628172009,-0.8771837888155237,1.619302324895875,1.9712404141501951,-1.7708538271407241,0.04516875157564206,-0.6341883801755629,-2.797292893773448,-1.3407659941441423,0.6075138130237903,1.6721806513531174,0.8848132716326388,0.4126152464147012,-0.15410432511571961,1.4661308340281782,2.158378370746491,-0.36225451436749995,-1.7807960484511232,-2.0876999967807617,1.4424791818054523,-0.3056593767130259,0.12635432354687298,-1.6814254901616008,-0.5910313350880966,-0.540250497965218,0.24785382330563838,-0.4008880424555791,-1.3476410798798204,-0.8380221477107617,0.9720127525357177,-0.0014074154413666298,1.0760679640969064,-0.9766884306716376,-2.6595987156807372,-0.5142660454322624,-1.0376193440698323,0.4675666210148758,2.9517878531037645,0.9371780498015843,2.5002271790392396,0.731069427173763
sample_33,-0.539736682794056,0.2086454216886944,1.5526622981324856,1.7000666618339781,-0.6559149856559405,0.24546987494380446,-1.4270893422649733,0.7957823952295675,1.5998113054995728,-0.03639944535367259,-0.6032892946745159,0.3896931462964962,0.3070211550289989,0.04160282670279997,0.24110940718375004,-0.12028898641027293,0.8156637527829034,0.8992120580008568,-1.1021363443314334,-1.046609216171684,-0.3238022065249312,0.8641705596190272,0.19363373780104173,-0.6423364865118332,0.17720289262712974,-0.6556865180270482,0.8860592098871433,0.28388840659609277,-0.2773958675364153,0.29972428478116503,1.116998319150432,-0.4300709021581812,0.5506633160428916,-0.23769141517418277,0.7129987452251308,-0.6383900580158054,0.12588322611260588,0.9031596701762047,-0.6224599961987505,-1.3942962095430202,-0.9867142044224931,-1.2275943532375089,0.5091057911071549,-1.2347897631156548,-0.28597612823896434,0.7645125299389937,0.22425785312500512,-0.6197806319248742,0.2679926266335307,-0.006743064191418917,-0.38865065754794076,-0.19958740697544233,1.986085493203167,1.1523766392885253,2.3812573168236018,-0.49600877367866825,0.020364601349524596,-1.187300221301214,-0.9582676475561404,2.348699708417593,-0.584240479637476,1.7319473139088166,-1.0487310428477674,-1.1532232765195312,-0.7129653351846076,-0.128727265756307,0.7405271025499233,0.24220901991314922,-0.3768728281431127,-0.2575934663494107,-0.4273532473593618,-1.0225082461591648,-0.9103719662221492,0.9201421479819886,-1.5740633338766463,1.5327137828803932,-0.3330576838456286,-0.5096260279276635,0.8044731130810188,1.81485177931215,1.3009662375173272,0.3621640097058204,1.2828530073111002,-1.6211702948688782,-0.4416920600012656,-0.8828093149846475,1.11957890529006,-0.24674980024661566,0.8570701770150523,0.7120789965004207,-0.8744922646087586,-0.6747079816115141,1.4623115024100195,-0.6465176873380584,-0.23812640367516139,-1.0339289082501066,-0.3945230407603352,0.06469382472463477,-0.7846197682668624,-0.8087024269318146,-0.03336573342981425,-0.8348113139725857,-0.463453806236448,-0.9107986763713026,0.10160197450022658,0.9110452320034619,1.7612415061870128,-0.7817066063708861,1.7125139409682684,-0.9955064469497417,0.8958026202667496,-1.0831565414530078,-0.7805774673934657,-0.5087557176179699,-0.10800961970642793,0.527437687972288,0.6694134591769793,-0.8691576205376987,-1.14525104963297,-0.8488930188766789,-0.0689605182836495,-0.08041009287683129,-1.267616703084606,0.057134050258707776,2.2809158339015547,-0.28740148049440517,-0.3689063718563797,0.5372789079951942,-0.6367285523426258,0.465225646346171,-0.6887629372864519,2.0841284815850285,0.47330547628360503,-0.8839272482720101,-0.5325707095891494,-0.5047419565386656,1.5377724380303688,-1.3962723082071695,-0.6688377605810858,-0.797676496666029,0.3138835076797321,-0.27915010859795325,-1.2479064763366694,-0.378622970516686,-0.14346510918650743,-0.5631614024725189,0.4747825153798643,1.1815951098590962,-0.2780345760844876,0.35320232138318836
sample_34,-1.8783791159700418,-0.638728419064922,0.765550591924358,-0.5933629277357279,-0.8552384262839526,2.1693637995736816,1.5089417694510372,0.4367940979163461,1.1853591207626333,-2.5577034069934768,-0.7211943149413312,-0.5104760808936927,-0.2856821335211334,-0.44167378430821463,-3.2645307770983605,0.4763111353560863,0.34882801664112656,1.7804856401707683,-0.8934064466499151,-0.8977760956287809,-2.5362214525927147,-0.45159564302492194,0.8583858758971684,-0.607148566451493,1.9412287219694149,-0.5779742046460782,0.152429729042919,-1.4727757335148421,0.36907837565266594,-2.1176312366529317,0.5917895190005614,0.9609730305180564,1.6590849524749336,-1.3989190118319428,0.4314053804914172,0.5139832361257446,0.4760376742978206,-0.9236541669656203,-2.1120394118269665,0.3722246574124633,0.06262520501723863,-0.5966984403505566,0.6714051631459806,-0.052796459185832215,-1.398110841039411,-2.1269802131988524,-1.3237671298718128,1.9491438562793126,0.7546202654339114,0.0687412330730792,-0.33596475720734664,-0.23900622414594333,1.06636723031158,-0.25800607158598526,0.5789541506989652,-0.36229550492328905,2.2351569852089184,0.9792013953151939,1.1627284333362244,-0.9073424661861007,0.929842377440081,-0.5022738008918719,0.24038489744019903,1.9996197039403718,-1.3965533337420677,0.1422518811789854,0.19352107195485216,0.32056853907613564,-0.4176054557251752,2.152834579980609,-1.4191025321337916,1.5015201655602683,1.2822809702273652,1.709082456738075,-1.3510761943711764,-0.9246207345297491,1.467948999223971,-1.5989390306663123,-1.3181763083861382,-0.40000465135643964,0.3256522705233649,1.4461107043130266,-0.025059054500970835,-0.5202817107782729,0.4424211190120092,0.493315303221112,0.45223525022478905,-0.03913700770966035,-2.112164891705574,-0.740550831816259,1.5138709527024945,0.1672467959825186,-0.46202629179851573,1.0558414795965425,-1.5755801434241776,-0.42923839474476855,0.02829512735803012,-0.3572983771868419,0.047850184441395396,0.05040199663924363,-1.9045415332371896,0.26870476012191796,-0.9287183641073827,0.20500147576464653,1.4961597953604668,-0.22294211532337324,-1.3314272422601041,-0.16789908731380684,-0.7526192755584182,0.5817802216651747,-0.22798213447209176,1.989476618885959,1.462901687651374,0.11036814345562745,0.7043246216490084,-0.6265284441523274,0.053913981890761305,-0.32040615477865186,0.5990905199614606,1.1687873837603078,0.7869653018260889,0.9652298681369135,0.9780169672582878,0.3379765499890048,-1.365162298891493,1.7229230741035009,1.648170447008945,-0.24644838973332542,-0.4287539959128713,0.40433971479615943,0.4585992960120065,-0.03010532752507599,-1.0726515792910782,0.09637647680101932,0.5845045478060974,0.6127134488489225,0.3124598243989431,-0.2460270268986196,0.7845823333970691,-0.17808563937970331,-0.23147417450633834,-0.1786398352559563,-1.4937817978079198,-0.13922527257355355,0.7751318151801265,0.4578309290435914,1.269545066473637,-0.10716493797222652,0.2804119737993278,0.9812883631558096
sample_35,2.0592176306887247,-0.015204088758291472,-1.3132889540337216,0.7008172515078469,2.348954539784945,-0.30165050853476916,0.6249757860362845,1.2019855907005543,1.0635116727165714,0.059033026230490906,-0.6337936792392809,-0.08898351614800643,0.3443385657744596,0.7415087789130351,0.4405347741441404,-0.3399147629276692,0.36093035082914277,1.0253020010016072,0.3580685865860576,-0.86176632185765,-0.25724713428020957,1.1335844687317032,-1.1579094869675026,-2.2681909524941415,1.3456714093367843,0.22622024395329446,0.6122522533602008,-1.1762777094415398,0.8522535630096171,0.34753906163616816,-1.3337578465486304,1.7132802628488286,0.2679788660476052,-0.6359218561337504,-0.13781517500503582,-1.9253307628352714,0.6353784524000212,0.11992270095685797,0.13813631040267407,1.3538472752498822,-1.071847077048491,-0.6281411700299901,-0.8820311677748126,-0.25592016481683255,0.11188505554525903,0.5510014620910967,-0.5405617210508404,-1.074470687610502,1.6359434673656574,2.128515986484982,0.06610535591470708,-0.7882520338889784,1.3317691221379013,-1.2954293831079284,-0.2841661806370888,-0.6752896749900146,-1.1548464181705713,-0.08849382543391009,-1.0146231766088825,-0.12543826366174818,-0.05799872022656063,-0.8113549108509325,-0.217339096970969,-0.18853077649484032,0.40865041483170944,-0.21466949345071848,0.629581970965728,0.39505120913225333,0.7904742420151175,1.3943637341351658,-1.2407049471181941,-0.5530470945248002,1.8538781217247866,-0.24130195871310225,-2.491297235089968,-0.2664858504420173,0.1360383966282894,-2.328816707615381,1.3420309959328935,-0.6529728974391357,0.46955072510170964,-0.3613799533502673,-1.1591723223599533,-0.9794766392732309,-0.8801856032360187,1.1073195781217382,-0.04931927692531183,-0.3865656629748894,-1.0301993058948686,1.37198926501457,1.559837067502084,1.2524764315246586,0.5082259266107284,0.31117971080762713,-1.667040945677096,-0.45145441662137414,-0.7407709096797945,-1.8352108637173015,0.9487651188352261,-0.5145157526172389,0.9764428035827917,1.0217217671700096,0.7654402560925737,0.6567776087741023,-0.41452810011108887,1.757466260564851,0.07124842379175969,0.271674641219542,-0.6014397430114448,-0.9229751656472673,0.34259375727611474,0.10372211831181286,-0.6906018220209426,-1.234606096928571,-1.3956708800589144,1.258041148049018,-0.5725223460681191,-0.29918743287200944,1.2783897932712363,-1.025370933925433,-0.6480165876699783,-0.596362959654308,1.8112364214776266,1.7759581221238503,0.6614333847612726,0.8866089093239865,-0.5012585682071817,1.9077842816393933,0.2770236463374137,0.6634807603690499,-0.13466015670068926,-0.09879649788534653,1.7511985103506598,0.34419665112348813,1.4662470314493528,0.18858788010480262,-1.1214130300731804,-0.6060166288235491,0.0053436759572463716,-0.8616979792111344,-1.0114962392957956,1.357043790896354,-0.3344852566219598,0.21333928239946912,0.3178042551528613,-0.5210247675296849,1.2029584181880506,-1.03817949731201,0.057617808372104784,0.3706039005451962
sample_36,-0.03648423336493745,-1.6037741374611485,0.6295955410074126,0.5945253702392188,-0.7792962122445259,0.6771959839355602,0.20362235043981317,-1.3206680858825528,-0.8075193401973841,1.1859885000602655,0.35512093302009556,-0.6127862537616088,-0.8503182046396114,-0.46321036924361336,-0.5595147229553166,-0.8365723308312306,-2.010033402352678,1.310275443897654,0.9913754309064818,-1.3249965996053665,0.032545501941172436,-1.2288337385791301,-0.16795881807699486,-0.3077713521084412,-0.46896280323411804,1.7880247452034914,-0.43499658025600496,-0.8981451840675874,-0.7573472852037186,1.1878564334505552,-1.391045834252685,-0.6375279609116388,1.7605047956072923,0.1468696849377662,0.4645511057847141,1.9973457892991566,0.26935643975731827,-0.7781911245698945,0.04804650425579767,-1.1898914964058454,1.3602418837472345,0.595368466435345,1.018357703988451,1.0397082164494,-0.4126367286468514,-1.0080298574088828,-0.2448423994575549,-1.0702226965968613,0.2442338267608752,0.9429388431212948,-0.3192343580545032,0.1894764957632994,-0.019355332794304042,1.145233805648675,-0.5994331253574147,-2.025905194945076,0.6282585397285863,1.2356475767796056,0.33792982516779435,-0.9804442420530826,-1.171581686616221,0.3056554331198725,0.27033555152803584,-0.06533044661877543,1.39535001329364,-1.0249455649468162,1.701233966033223,-0.23200305645470193,-2.0540203785302307,-0.30742584432877945,0.8720117442140809,-0.43806338649610443,-1.5221957873669298,-0.15743620484820378,-0.6716676890966872,0.4202329812799422,0.7626926432535371,-0.7894783329550181,-0.503343956315817,0.997184109937088,-0.7815800608143392,-1.2125104972853387,-1.0464274930384143,0.433610266875491,0.440052558037145,-0.6564488414535188,0.08069415476596867,1.683580948001042,-1.0720276668075386,-1.7740775949741956,0.503943830443201,-0.15632890046446163,-0.9233690128966522,0.6368362741516727,0.5231741159607797,-2.5812011126773853,-0.7115082222023498,2.5885159117224115,0.5025488065367244,1.0107247537796695,0.95085799932032,0.09191141234996826,0.9811037742985731,0.7630154727159761,0.6941266411955889,-0.26089411004853535,0.2201456708248531,-0.6407332224180717,-0.054325602997134306,-1.1570467698190197,-0.8143904445392076,-0.5279069061941856,-0.8608588133080418,-0.2578951926050647,-0.22591447450145694,0.3167211723673348,0.9398347989798245,-0.41681801574529415,1.1639267362180485,0.7442539591827898,0.5099147829076205,0.2556126846852263,0.25403660468179795,0.9719439158326767,1.167336433552936,1.3893178838568947,0.05907358568500542,0.5326425592805697,1.4664315241733177,-0.9265006230202041,-0.3270917764559556,0.19646870430970803,1.0111367885772464,0.7417811137518066,-0.18197826562246489,-1.4015124754894916,0.18901491103699491,-0.9922310418430267,-1.3876968687172244,-1.491026679793102,0.7291448372006136,1.5344054675640701,0.22896229287446862,0.2938657426093925,1.3515472457352906,-1.5298026357505559,0.31600029131878155,0.1668368176795666,0.3581466228486688,-0.4445041393780863
sample_37,-0.7041424368563672,-0.019894377339691953,1.419301335291895,0.7140315549988866,-0.5726467344376108,-1.2694615172520862,-1.655584180038422,1.2898205422403086,-0.9086746900360619,-0.44291866807353175,1.3478670242950974,-1.7509973119978763,1.2819256441499347,-0.2417045737842775,-1.4640835873875753,-0.1986536511339953,-0.9581145658890566,0.5984801974690587,-0.743201033561284,-2.0015957730483764,-0.2929621053863103,-1.8089572834191392,0.2432989398400008,-1.2522781030483465,-0.5253712752623284,-0.1180997248209796,-0.20708758685407624,0.19831288188406546,0.7908347145848191,-1.219518528651918,-0.0490061013305736,-3.396788657130688,0.37069475141641683,-0.5194089691733368,-0.7777540747564756,0.2793272479110672,1.2465191138541836,-0.5632381966932378,-0.6304531956833416,0.1805050986942154,-1.0273913649941473,-0.6945834333775204,1.112671527877362,0.040220141734281505,-2.008213669947401,-1.9744973219094735,-0.030711247003531852,0.5340095203383527,-1.3867653720337396,0.3106670079010593,1.5348962549527527,2.0633242061241486,0.3466169927254583,0.8241588470256044,-1.9867611714550275,1.8415878521063447,-0.5161005153760103,-0.770948549642631,-0.38613816887662294,1.8376490231948188,2.031659572013557,-0.06382409424448181,1.0862553253800187,0.1328531777573301,-1.3917012011911305,1.4347383111123784,-1.0019447685259846,1.469948925012539,1.649589702888336,0.5540188505626694,1.7556394535792068,2.32402046584757,-0.1672785489682414,-0.7396759346123449,-1.6076175694869597,2.152756385298603,-0.42795757245195876,1.371638442315858,-0.535417148829634,1.874387930094804,-0.6143351496782263,-1.321425775604043,-0.04895328343599171,-0.4443267405230677,0.7447331210958095,-0.0259246141376287,0.6110746526663243,-0.1533389651431372,-0.7444590728707733,-0.4066891632119381,2.167488649096078,0.20869257237392172,-2.4398202380243923,-0.4170311727750088,-0.26796806508393695,1.818028201582154,0.8622488948285024,-0.8701827262113787,2.231261717881132,0.22442742985588848,1.032377609839401,-1.1684539099457092,-1.8901841267233837,-1.3849070086303872,-2.9452279348787944,1.9928693497154761,0.26919624009918086,-0.9853688306963935,0.30921801860218795,0.18216070379399935,0.4736636885904917,1.357334137478426,-0.1397112040160051,-0.650105459905568,0.8229570005065463,0.7910981351220308,0.11854941405166092,2.0712711931795535,-0.5971136153774455,-0.8344830151592807,0.4290230604281817,-0.5096992393490695,0.4655026528997765,-1.0423079749068307,-0.5730615943698762,1.8959748789700523,-0.34373758866097387,-0.8044332140752367,1.275317356490868,-1.386568438964552,-0.6656237365591918,0.7790849750921419,1.0487607677400432,1.0650857260351159,-0.6878954204425348,0.49569408280970695,-0.6637621366768762,-0.6317425270836038,0.9675434623558461,-0.7857230966958721,0.6706601387591118,0.1949643451907409,-0.8420669596393808,1.124252955638284,0.6257342569373513,-1.995883621825213,0.0846350821813682,-0.6630470224442273,0.8823558447660511,-1.5191528121147921
sample_38,-0.3007055455252765,0.2241914006157082,-0.19876847247382567,0.6143219464892195,-1.8168207988298366,1.5746881661191294,0.3394147467703462,1.333670725710139,0.9206835075427778,-0.0936078815665779,-1.2084908213721517,-0.611973190187684,1.3701807392703207,1.1453467720664952,-0.7844936395486429,-2.938423123477717,-0.4318213740051734,-0.14317285683007394,-0.316341607365116,0.5846494824360241,0.7074156557797178,1.1878273995936304,0.45638318864387206,-1.9403270250438855,-0.387755865366251,2.1033556113597918,0.37969609479561,0.3198894807327839,0.44661855715816123,0.5007597871866116,-2.008946761781373,-0.07522473267928062,0.04021238164807124,1.4157203401070435,0.3120875006888632,-1.5765958593368767,0.4631763979954167,-0.8667379360858817,-0.9088927932473189,-0.8724156618014797,0.70294411394365,1.3100446989415595,0.4009267827834127,0.5351366787287045,0.5535324073885248,0.17826008711912764,0.504965107418581,-2.499588312603649,0.19494593967245788,-1.0742085261564729,1.3277151714551068,-0.13092522738748813,0.0880886569555364,-1.358700188541608,0.9954269891912575,0.5160925738739615,0.7223995587881569,-0.645153305347639,-0.9211891308700044,0.15081136524951766,-0.7494916245583093,0.24598777346712664,-1.9227012807393804,-0.48955954931729945,1.3702981735450597,0.3820127824422996,-0.11231251309103699,1.978917960782391,-2.645327952529239,-0.998229391685309,-0.5107996797502982,0.862910396835267,0.9284071844012908,-0.7913793316501306,1.0524014029462743,-0.4645069778947976,1.192828775096919,-0.766176151443024,0.023643379813690357,-0.4020915721376853,1.2360582314498367,-0.6564303768432049,0.1217755214441384,0.5873538228357346,0.6905742408423734,0.9092683401919357,0.25621019369219555,-0.28187958404337865,-0.4100456455174165,0.20219030753544032,0.28893769599094954,-0.19632631491610275,-0.055184012736010084,-1.3133569786958241,0.3400100733399787,0.011870331215438632,0.8371365909518812,0.11415471459431646,-1.6848285699553496,-0.13943099760424418,-0.5730921990931606,0.8724201646089468,-1.5955017132434373,0.07931191408888462,0.6697646048843756,-0.5752189134613439,0.10762878715467948,-0.6803688411575557,-0.667977665375562,-0.4073972393967616,-0.7414520416178976,0.692738300846993,-0.6305961229991889,-0.674246425301639,1.817309076763013,0.9789269179435963,-1.7807148660076126,-0.7003389739974012,0.07861058406916552,0.21626252035681814,-1.3661438536568007,1.183788589524236,0.8607619060171731,0.26882164795670593,1.3100441755277208,0.5848399482440035,0.42613841659817214,1.5229539331416906,1.1985266237802423,-1.1609793222164022,0.5330641614374039,-0.5106484995576296,0.6278037748942878,0.2773655782970449,-1.311276247382502,-0.15141516630444757,0.21184976101204012,-0.43646907207784613,0.1905208271571364,0.5526253586488952,0.29578917275558886,0.27165573102712065,1.5266975510719836,0.5819339612692648,0.2066973365410687,-0.9112503475387979,0.4597720046442217,0.5393222034525083,1.0666265945567985,0.14801469515056323
sample_39,-1.5769430090075225,-2.04806510381221,0.49249135212289924,-0.7427535190137586,0.5899527699885944,0.11342423771176689,-0.28603855117871674,-0.1301341022081491,-0.8189801545814264,-0.09824554773272047,-0.5219592373343922,-0.4045262730205984,-0.36520242868023356,-0.21890082530246815,1.1962374341406126,-0.07337422263751046,0.8443028394505441,1.7152875199395454,0.8674097429782283,0.5909337323989711,0.20632122217442136,1.02828518284552,0.14181976247311667,1.1827572050331605,0.5077009407395306,-0.6860841884252039,0.9014264639824978,0.033692797575018654,-0.052984336211656616,-0.47410238769924296,0.14575803254496827,1.2533956129508683,1.1141038541610067,0.2806727542883142,0.8954910975418888,1.1835126686611814,-0.14869682699442954,-1.1552282300362895,1.6689077362531155,-0.5516651707415643,-0.4328944925720115,-1.880993169632786,0.4859669762097496,-1.4220348894578354,-0.7785730672124983,0.7304319739506997,0.5299945725754478,-0.8658448039573272,-0.029441944538160937,-0.9145334999997234,-0.7897410872696586,0.31479062430691307,-0.37046097042018383,0.009313957220256497,-1.3538987186038312,0.971265398333466,0.6711274580461967,1.032065242079048,1.2090351045978285,-1.2226937203629453,-0.4274445886029353,-2.086205538516239,3.126841231323549,-0.09323230348325517,0.631674080808164,-1.3206514183068703,0.823185620287622,1.834458964838244,0.043856576448831286,-1.210615677833336,-0.24415325080476433,-2.417807488054706,-0.024068182534050457,0.7331501085938594,0.09171723223431023,-0.34671495806076674,0.5214067212731948,0.847942390457592,-1.3665300912683342,0.24770042369240625,2.6900696210531425,-1.4638783376836262,0.07759654211853513,2.012746326556179,1.283629271739745,-0.4863731887621236,0.25195994194905313,0.13855280734641245,-0.8324224899497401,0.10232384711703466,-0.2651631018729895,0.08640456822350485,-0.9690363467741905,-1.0970297464757954,-0.41519299100437707,1.6766410283272686,-0.023706898349426422,-0.24007658648309213,0.663347805003278,0.0830587530754268,1.722520297118934,0.0693496360039456,0.8946580616913046,-0.7244912013196793,0.6595977380042788,0.2919729544885114,-0.04380984528703576,-0.5519782070855767,-0.5923090584078488,0.2739039314663258,0.48096894816292585,-0.3318449620817123,0.49694914473748397,0.23087658553055132,0.05166754371505825,-0.3979291682566208,0.03844274535030345,2.561559067186703,0.14731815974747067,0.4923781679738416,0.4477707711148283,-0.12904983690718938,1.422724859276222,-0.5020212508059947,0.9867127070162631,-0.13199531706568696,-0.8434141350514099,0.34541606290339916,-1.2401961298453599,0.32168602614798225,-1.1186691060117164,-0.15178102369794386,-1.2487906145721146,2.763328020224454,-1.576299239220876,-0.032730934579517215,1.2630736846828536,1.2614838621026094,0.6598219162939419,-0.5563286852334125,1.9731091031883006,1.0370045822927165,0.39633229378489077,0.32599374079791554,-0.3817119452056553,-0.8601655921113782,0.9993343339656292,1.6097340794049755,-1.0734261734854516,-0.07616600670717813
sample_4,-1.9102415752159538,1.2232629203374612,-0.06090728125123383,-0.5487646267333421,1.1074396692158957,1.4537376148386902,-2.667760720650949,0.40330610017532,-1.380250825903515,0.474720717480868,0.1770488050004674,0.6885559289338399,-0.5244794675987794,-1.6122723944925597,-0.5670799425257012,0.4985014502987835,0.8357257848383266,-1.043236161757434,1.0518390886983433,-0.6621793895627884,0.23880839902433706,-0.7278328462645719,0.22374687811813496,1.078825359480622,-1.2180750169632473,-1.0212293250220605,0.1904070363352764,2.426198589818836,-0.8652988566604404,2.277284201328758,1.6997067506851238,0.0776468722713576,-0.26134217618171107,-0.9979003106953866,0.18961336563204528,-1.3497951045932364,-0.07092539147539592,1.2633677538901813,-0.28878648847837896,-0.2470658090346004,-1.3641638725814411,0.385937861606947,0.19066952385282343,0.04154299888495059,-0.1976975712821824,-0.26864566897583037,0.30963153298639723,-0.2899549261314857,0.3814925008119291,0.09317513282506465,1.2788708884652167,0.7577119511477035,0.22749200178665105,1.9217534837108015,0.4306483998458732,1.1261078683942443,0.7770766949296088,-1.7197242663081558,1.2239064061421019,0.03501397289386176,-0.13382111979713238,0.09228063358820264,-0.19302148816337109,0.348425863693011,-0.9571949890333915,1.2292476264421106,-0.4284869182223257,-0.7009875802762165,-0.9779028193271139,0.17907153327039532,0.08705367912180886,0.3631890622954579,-1.055596969633197,-1.4557613874792377,0.7063444061133517,1.4015373093315189,-1.0037807928980285,1.8197823628569372,0.39206220038071,0.14008917151140793,-0.2955285953237527,-1.5130883629387328,1.180929549286578,-0.6865359432920092,-0.7154252505057132,1.0138891371360375,-1.5276700489895925,-1.3986373264230765,-0.05850287708312584,0.46964718992413595,0.5349774409278969,-0.36452301408563026,2.9344918513868175,-0.1542438141223813,-0.6171514450330947,-1.0496056726057637,0.015329517424733045,0.7706094148363971,1.0868158561657337,-1.3966347410056033,-0.6242286800798558,0.5539089056834511,0.7927071639393996,0.04433207535056656,0.697375202733,-0.7117687100993746,1.8205733632773566,0.9795277485514594,-1.176625653832533,-1.064939388372972,-1.048263605237274,0.6856004980122338,-1.2370187328938989,-0.07583061338993557,0.4283791351051817,-0.23870998652110462,0.2716247185734201,-0.9839075051072466,0.4286394171040543,-0.5883332289255989,-0.2695525286000653,0.33327431392932855,-0.004958845659750357,-0.18778347557331873,-0.9486006511692322,-0.10040742700033468,0.02379313298884295,-1.3735405106597816,-0.5302823759143357,0.16238889303558504,-1.1939435023182408,1.3819657134421461,1.3698189679634645,-1.5459116504446662,1.3743869123329593,-0.17100904813042142,0.3953341779878532,-0.5060633985569912,0.7225281028468382,0.15786650778141614,-0.6554290650866641,-1.2726182437055125,-1.218057391479896,0.26807664745806176,0.6399453664456445,0.7860894163984803,-0.29221481622822343,-1.0816198402873685,-0.8739822824177979,1.3830415161058718
sample_40,-0.11444089956951702,-0.21070287105390728,-0.18866896333747304,0.801525322169868,-0.8674934784314238,-0.7994177239510045,0.982484857266896,-0.4983609004206947,-1.2166337720803955,-0.6205395327809111,-0.27230884105855396,1.6853988167581744,0.7672295857412129,0.9440120726052309,1.064940355837351,1.073315765399022,-0.9224907635587354,-0.05246623673523689,-1.1094358686784132,-0.19861427959399183,0.5321927164846983,0.09512727428567454,1.220635545035803,-1.2010203280365543,0.4009671439030397,-1.6164059264357735,0.09960417119347038,0.7056910233198989,-0.16926474430655233,0.6491870492924156,-0.8058060271446459,-1.6061272233501058,0.7295299421491874,1.9813656807199649,-0.7910665037881733,1.1366919582845034,0.05530087693737866,-1.359166427269957,-0.8215841820177077,0.02323840843797383,-0.1695122282075834,-1.37618114687933,-1.6944141544515439,-0.7491694658877837,0.24946070307795,0.05609299096910723,-0.6950660283612874,-0.07665802921606998,1.0448932917294926,0.25916300205634774,-0.26128859900593265,1.0284361234863681,-0.7649618438319004,0.03024933789529632,-0.15760330885275856,-1.1621573371304592,-0.3459097638919792,-1.9631100005361086,1.8507167426763664,-1.369629945327831,1.4357387453518275,-0.15124069933978643,0.6736115668388042,-0.49103158062217467,-0.177860056978809,0.5961631029965085,0.4489885018113866,0.6089180141322171,-0.32017139025761804,-0.6344775177357077,-1.7232165779183237,0.5065298168652809,1.1439393821278965,1.451610014655118,0.4085620912634752,-0.8234569524414466,-1.6621203300525684,1.2795547146880535,-1.4899064397865498,-0.2342390218707294,-0.11298953046132787,-0.20577606528500916,0.20222771062983347,0.22114157161348133,-2.4508808341480064,0.03990417015237058,-1.8229168951011698,0.880461937240718,-0.6278499298549194,-1.9792526280321026,-0.8241607252453594,-0.6563434917352735,1.3395439974450527,0.22740146978613388,-0.004119858597139759,1.0972329756651522,-0.19064662416545167,0.9192690324637345,0.5971889043330871,-1.1711564035117452,1.2839823324777389,-1.4537306978069717,1.089564099298598,-1.4946433499180751,0.7538596367367502,1.7612298397050845,-0.22451021242594424,-0.3004803746018864,0.43966758741271045,-0.32945735343871657,1.566248083136483,0.07172368485470537,-0.17307622938433934,-0.2947995665730791,-1.0392701144882819,-0.9046050059553772,-0.3183703137133485,-0.4392886780926232,-0.8159894336578907,1.7405711063319567,-0.9331051445462637,0.24913196138165453,0.5817932274076653,0.4166019295788582,-0.20689999428308253,-0.04677277842366495,0.4288122732109042,0.2477643052732236,-0.3052206860789216,-1.9365455881987432,-0.46223006434831876,-1.011938872536042,-0.5076367728231743,-0.19216644876659908,0.39570048584175166,1.563410379691499,-0.7491224083399706,0.959681840430515,0.1828687589810725,1.0365409469294475,1.0324523589647474,-1.0984786232234578,-1.471656594845478,0.40376186265592756,-0.6434561095830588,-0.9347048020086147,-1.3878722487328956,0.35492745877595006,1.2877231749929539,-0.36092495726164503
sample_41,0.5269989425073329,-0.2874058951297721,-1.5620535558768205,0.5856699326831637,-1.295223326565401,0.02542044059926016,-0.4439245686981091,0.8645541527215985,-1.0117454080657178,0.35427085619081755,-0.7724566578803076,-0.5550972917781654,-3.3689516464149905,1.743350441761902,0.7188181334364,-0.752794663641201,-1.3730938580155017,-0.3548665878085633,0.7194671216034225,-1.9808678320267683,-0.220925505548843,2.184279371218258,-0.9380438288092957,0.16893312719431774,1.9973432493365795,0.35264504411465203,0.13135737881963447,0.4636580099945175,-0.3692299276173551,1.4676104073106984,-0.3321145869814439,-1.923765041381179,-0.369272762000384,-1.333814784593347,-0.035507254430359854,-0.2643351277771873,1.2726010108893602,0.5212186069573826,0.6063592449374673,0.0035009084284821435,-0.7724181244574713,-2.283118935196125,0.045021853020969026,0.6763724000281485,-0.07955495736641892,-0.5431911356347272,0.27217532950710993,-0.3403572529048511,1.6357030528226564,1.036180204566808,1.0760473453242032,0.8447696867104041,-1.0493559049417318,0.993624276190374,0.38904700968280753,0.4972750734862836,0.6520353526090735,0.6768228485822709,2.664684835989052,-0.24178164798733642,0.8131376401172771,-0.6608538629141456,0.8886654599600754,1.1837347050205664,-0.02536915723257522,1.630112209474844,-1.297558357600429,-0.819416633474023,0.3660625090403869,0.8437274160481689,0.07925116302347757,1.3174170988940193,-0.6744558614947955,-1.0395116682980343,0.41130898418379086,-0.14215772750728986,0.5364194880296974,0.22521466907203797,-0.17241490626395792,0.06391446331564862,0.15375204457374816,-0.4399141071326658,-0.04342772726449701,-0.31699678076020504,1.0210014429375371,0.218666266879888,1.9987919707904864,0.3030495446272484,-0.6233250969542412,2.8456591034958434,0.4605736853812608,1.0407777961006146,0.6268831325082974,0.6107035666665209,0.1996542817946065,-1.3807113269259035,0.24336912341406042,-1.300639967752407,-0.2113465578949764,-0.5476318725260773,0.04566875046862828,0.43285152981041036,0.6975217615712499,0.3279091229176522,-0.4063756189870654,-0.20440562868061074,1.0843536706354229,1.056624977829025,-1.0128406498335862,-1.5145140554495655,-0.7562322526666488,1.1496782941868184,1.5201431182202485,-0.6970597013872096,0.27248695991344024,2.014892090513703,0.42302773476601657,1.3590860448189745,0.8298038979325392,-0.8433628491934447,-0.14291513865447675,0.1457974261400319,-0.003693894697930495,0.7020000241455983,0.29393927388970936,-2.5035250782881637,-1.16145969720801,-2.175790375959532,0.17494695412465122,0.003918729761480153,0.216728351648017,-0.8169222806661799,0.7925870032197473,0.5311439848000833,-1.1855525506006581,-1.3631366489178145,-0.10588138680879991,2.1324340152493084,1.4017739460133973,0.31319183530290506,-0.553265530896153,1.0075053680267385,-0.2452568861200271,-0.7831750433991439,-2.526745419815613,0.20740297731899124,-0.7800833211719,0.2845753433260522,-2.470528638732221,0.2853718591696221
sample_42,-2.1144866340653485,1.0240703326838851,0.27558934888237774,-0.44599316398489075,0.7449956290291182,-0.924598579440205,-0.06982277923978805,0.765729201227388,-3.0479234455397743,-0.5783582977619003,0.029312247165827195,-0.2137076700183165,1.2500312609840663,-0.9781527852325027,-0.7864968400704007,-1.9767313965092117,1.3465238100243813,-0.10101371786480114,-0.518473368942264,-0.03115108195784533,0.4885308527028206,0.36683516698050045,2.400333920936716,0.5877798526085454,-0.5040302495929999,-0.8970947897160939,-0.3874210735406372,-1.6164582582100775,0.1036679833486475,0.903231836379954,-0.513030817189776,-0.6856395105242539,1.8405945940862132,-1.896077114343476,-1.923873780565276,-1.1097286758329028,-1.6154344986875806,0.23506950101229368,-0.03245098115182559,-0.22489715956179118,1.265343595950719,-0.726915703929982,0.6821313506184234,1.2988192052815775,-0.4577751861578673,0.899160372570395,-0.4352427170434458,0.5910611588019932,-1.344555896195108,-1.630690251529417,-0.595319265725616,-0.9307364714961051,-0.38342931404924774,0.036100629978679265,0.7144235274715007,-0.4156174735192533,-0.787733573241995,-0.16315651346126603,-0.9165505023459349,-1.3651665169970462,-1.6295947870211922,-0.11981385916847195,-0.40611807435833547,1.2153495421869325,-1.7908181959052463,-0.6141938549633525,1.7439385522154027,-1.3314334153363756,-0.1644227025020548,-1.4332016381934551,-1.4734686941140434,1.595552200033722,0.19376178165171595,0.11204311871178055,-1.451529246804583,0.28870446425031904,1.1396136574955773,1.3858796977586147,0.7398531694685153,-1.119588748878008,0.45328244044038873,0.5269201410396416,-1.6794999287565502,-1.0299104693017063,1.054417173117656,0.8983981764811937,-1.2428087971754738,0.9439135479084081,0.061769898570988524,0.9570888054443145,-0.6361500157268062,0.665564900506621,0.9265759637865318,-0.2652163426813078,-0.35228038115235877,-0.8884848827389003,1.4453444712669783,-0.014437270663617283,-0.9157207799914014,-0.536746172448947,-0.21042717021765203,0.8836335213328307,-0.9354363788836433,1.9039965348340724,0.4728805782053147,0.4691577748118122,-0.0907925884598959,-0.018019581098091906,-0.1874876144090942,0.999263401628725,-0.10017644287199935,0.7981711164172312,-0.29846717491362923,0.47526656613106394,-0.9028036849061656,1.2822236106772962,-0.7859383050521034,-0.28606649205680273,-0.4750756175317447,-0.3657000848648853,0.7153382130166268,-0.17877921375078978,1.54252896300158,-1.0278165869451399,0.03745182985804835,-0.5344627099651829,0.40125478089258676,-0.031213693980078696,-0.19035743226642032,1.0245412541727321,-0.6307322186889219,0.7894313282300426,-0.6063193203803765,-0.10801950514768292,-1.1271833710560275,-0.6388031483529579,-0.20406779179281526,2.158798882093451,0.0034534906979298836,1.3906857213657664,0.6003939960361855,-0.40801490340889796,1.6772030038376409,0.5421273347262555,-0.7766671790107431,0.5957962483270054,-0.45863558295166873,-1.9885143807176062,0.7233193235079934,1.3188981705801626
sample_43,1.617790015771205,0.2904360545256665,-0.5062443704179692,0.6876457273750146,1.0984068067168207,1.561732535655169,-0.17557661810295128,-0.19971902835807176,-0.6691321417109324,0.5173982573797481,-1.4675828117514305,0.8407667658103308,0.4615611335204285,0.4680447959773765,0.1890916611914991,1.6985770031425664,0.6877187198619563,-0.46830333208205577,-0.6800299847566638,-0.9078560379983747,0.4110449703695871,-1.3538472881805756,1.019292267256452,1.5621946557222623,-0.89187884872562,-0.5035805974533424,0.022034377013441932,0.8544647933885661,1.7877017236228878,-1.7963570816018173,-0.2635214878593881,-0.10370263350254005,-1.5387936321652778,-0.7447987361998941,0.7138287236192737,-0.28286838245354184,-1.61985269927242,2.538449443757877,0.6093408893229441,0.12430580102848586,-0.8084124629837101,0.26753265434100326,-0.22195145162697094,-1.6539891629907901,-1.1270303907475763,0.9648245063659364,1.7539907090627138,0.07614972735574194,1.1025879210849254,-0.2503369973553374,-0.2182756127482692,1.2040902403407876,1.4930492729664886,1.6859581678048128,-0.9767781439511352,-0.10891346171424235,0.41680612046022714,-0.06724434496374407,0.27753749976111214,0.9326017892311715,0.8768299339594098,1.498289103757852,-0.17821761873677774,-1.5174240783814774,-0.03140217090775463,1.847875898025246,-0.8382635637878413,0.5094022405792441,0.9372604157724826,0.09508833466744908,-0.0960608084684182,-1.031840106915653,-2.363466130837514,-1.0135501806832896,-0.23778191831841355,1.0188123477412367,-0.09762698730678347,-0.2596354724490262,-0.6708795951672819,0.8851389688436448,1.5546096928418447,0.9204378774557607,0.7886176238090737,-1.3818873322429117,-0.2611426977594295,1.9660552222653591,1.032103234650955,-1.4126862585074962,-0.09821606768222178,0.5394206971843639,-0.7697024492045837,-2.5480958762893704,0.03960853962152948,-0.6575532441683818,-1.206550290062927,-0.5695954144202362,-0.22577764375743622,0.1042851609746374,-0.8798884283068948,0.01425293808669538,-2.3020407745853353,0.40802528073652156,-2.301900947939822,-0.254689883090848,1.0592214672879312,-0.9435955739897156,0.8488061085412261,1.1466838267001414,-2.799204621245659,-0.15386486066249608,-2.7171011487875,-0.32052935816810785,0.1721721671009984,-2.3271606263001363,1.98326441186015,0.178883745284617,-0.8007241564376203,1.4004165117839598,-1.9458015549892036,-1.117271951342257,-2.1270340084131485,1.7772053175054834,0.26989158732503765,0.4458115064332316,0.17852501850553967,0.6955581703114082,0.09219776549651393,0.252109586158545,0.1000327884787421,-0.9102175685334697,-0.08142067222282497,0.4641776814519285,0.24625320171891654,-1.7922482688154924,-1.2735736682238954,0.9345491391366405,-0.47326600474314984,0.7407323024369391,-1.0397944739018115,-1.6976602763545647,-0.6911724035316749,-0.22520988948492054,-0.4505696629148908,1.4849662158104593,0.18186568684846757,2.0497998986948454,0.20566388142420422,-2.4501339603909713,0.8418482723307333,-1.5908229334952642
sample_44,0.21249512399218712,-1.028335945335954,1.920005996416604,1.3031040181458935,-0.8608503610238227,-0.11615982447886775,0.0858413886895289,0.8347334087170709,0.07557873980483977,-1.2211885945579912,-0.6525192532026,-0.00570210010607548,1.0480808004669222,0.33498871192681773,-0.9821011718346901,0.7558858209979255,-0.6117175480977555,1.0561714571913832,2.6590990520812876,-0.35583182378074324,0.6393656039078789,-1.0285519192473247,-0.03616250170030342,0.11194773089064201,-0.2494814955323148,2.26976712581961,-0.30123930110720326,0.5467343916012753,-2.0100676733173137,0.5189289354670111,0.9707720762198948,-0.3848879442555098,-2.8243962676590884,-0.1987902405861755,0.27986220940679485,0.6655594094764231,2.130702650583129,-0.47438991932953434,-0.5398213554729595,-1.2230702885829978,0.385618945038942,0.4959201246970828,-0.5890904132517092,0.6625122825579179,0.545189820029338,0.11237785019239373,-1.096866417615922,-0.7088196056657594,-2.1298405096163537,0.11245157248351412,-0.07859564683438995,0.2309716727999181,0.4956481670102299,0.6928958338069338,-0.07173114026039154,-0.004824619206601946,-1.4225529905835714,-0.40567192135792407,-0.07066317129704239,-1.1056704465288527,0.7401374104923716,-0.8486947501574746,0.3416080415194051,0.21888486609449642,0.34670896618302854,0.8501971569012281,0.48223204451339025,-2.6515699287209213,1.5262272754332584,1.5458174966113634,-0.5930681100731473,0.20178821335459285,-0.9133629664853097,-1.7695258942812564,-0.561579122275656,-0.5997432155475274,-0.3446949459309107,-0.6934633309395383,-0.5283330800810859,0.13566353441158227,-0.6882070308134087,0.40359068902975515,0.8662525594424649,2.448471012985038,1.3064475485065603,0.2675833143736904,-0.4520142073035629,0.43746554488696193,0.306998886218797,-0.33648245214805506,0.8478310784318233,-1.5570323751095756,-0.36901759281087576,0.5503345856911257,-0.6776818396795538,-0.40905966092415985,-0.22962470888379724,-0.7782315592522623,1.0588569460003565,-0.8727286281803432,0.002030394995793391,0.5183632356417247,-0.5874457608983465,0.11155836118023624,-0.6971944040853411,1.3252434585164485,-1.2936638290382565,-0.707896635023957,-1.076853587019053,-1.3436603317816107,1.3590514291892046,0.5147543385367546,0.33483097324066396,-0.41648583547077667,0.9073960731457252,-1.1375630696121213,0.7892118670278445,-0.8018307580236609,-0.8024134941021703,0.589401434275674,0.8482711768569793,0.6655438753551972,-1.3868973273418104,-0.6571371141420352,0.02407723851499448,-0.6014480752088022,1.2574965119298036,-2.387702825696254,-0.8798650057264321,-0.8036049033580295,-2.6098990644009263,-1.2714583750779027,0.7452287653542692,-0.19527936613750949,1.5855456379551771,1.3513657890358413,0.4127320984801681,0.42771553328304923,-0.02704379542930045,-2.8646822049828833,-1.3600246049522164,0.13395795871766827,0.7860073130192563,0.38000495599314127,-1.0678057840453303,1.0882481558973582,1.233118214887909,1.201847992873831,0.7762579076789059,-0.5291226789778176
sample_45,0.9515960078221063,-0.014109749116486615,0.26510316999271333,0.20966186114853638,-0.0972404000157214,-0.8123945745715235,-0.20947934129776732,0.9587353834762069,-0.3950581726763888,0.9134263694514603,0.7747240578188771,-0.3250171693675639,1.1880780449453472,-0.3279415530744705,1.9508416643765896,0.5275720362089809,-0.228672516045319,-0.7540870912765386,-0.14327424744923142,-0.19148300845694557,-1.2394878365002104,-0.35461008471059235,-0.6466128534240562,0.735848511008924,1.156511708618949,-1.5940111586274501,1.7180339209670297,-0.1941868204627964,-0.9852930012177215,0.8751165992419074,-0.3719474903236034,0.09438860584315482,-0.3843066407434198,-1.1503722863527013,1.026925990599889,-0.29007791862137333,-1.505960879347445,0.38768097498851195,-0.897423048881356,-1.20867814825254,1.3018941093996603,-1.2544154847184579,-2.2934818245475155,0.527179595706795,-0.292475017990396,-0.18347656988134395,-0.5080381821890508,-0.04912243099276872,-0.5954089443373635,1.2616930945653837,-1.9377852604575287,0.5074299838604612,0.6142919357810268,-0.5499285404582359,-0.9364206906593754,0.8670370074000573,-0.9703738640109469,-0.4296337145691034,0.7929977347284186,-0.09651384199456124,-1.8060208944985365,1.5595428637280253,-0.3692609873978653,-0.39012890878943535,-0.13123032199244603,0.5703713013228773,1.9110539794672068,-2.1468538976703715,1.091126591069794,0.694081919299734,-0.24249521148949052,0.7873263358801834,0.9895229369873788,-1.2576522549299705,1.7511009320810538,-1.6065439011759406,-1.1107285771200452,-0.005941495415203422,1.8767196096391503,-0.1979359722326642,0.08970729145094342,1.2869080895514753,-0.1433474893976203,-1.0866874996869724,-0.33070769911016207,1.3914809733350775,0.13672895236967292,2.0912718109733675,0.7431228928207726,-0.4679020238945469,0.08122136916158632,-0.9643345177797483,-0.8738514763437484,4.077245666698954,0.7143624544101604,0.7498207174533087,-0.6839722435619405,1.7899098505325162,0.9886840843367624,2.35095315338573,1.683757521520905,-1.5169464388443075,-0.7323359772482023,-0.9761856876943373,-0.7301446109988663,0.33674902575737736,-0.6331203990526775,2.0863243243598473,1.509477159622812,-0.010950326857176017,1.6913047166328001,1.7094047513177562,-0.317063298713977,-1.8318739685171155,-0.28307235725316066,-0.9246049460382562,0.22092419834465254,0.10410908091856777,-0.09963165777530453,0.38794687305251446,-1.1046913215309917,0.4936437158411403,-0.6555497971773087,-0.012287287488055883,0.8820579752955069,-0.9433418088527417,-0.23170961063327017,-0.1325295187559875,-0.5874791949802686,0.7137796402403305,-0.6904312101660323,-0.39749026726209014,-0.549086768319527,0.9290931994229829,-0.43826921390167245,0.37313007600067966,2.2596483708101287,-0.01970257891468126,0.8878281890662979,1.407160940911833,1.579907529095947,0.0034239239081084506,0.8111816172259478,-1.3551741345715975,-0.9367499393592678,-0.5384534548200142,1.95571299055057,-0.7062218335424009,-1.017519915134786,-1.07062222064022
sample_46,0.5003702123632398,-0.017566648449526143,0.8486807683462985,0.5209778108138212,-1.646907824057106,-0.7622901153076026,1.0988190996489111,-0.23763842254372253,1.2340412784049413,-0.2472527513529635,-0.8979085040368934,-0.32970555222625675,-0.949707436871062,-0.505656823239429,0.26964355451151806,0.6101375781292661,-1.8535897378697046,0.13203434462505642,-0.6772832850594206,-0.662754382876847,0.02923758001379814,-0.7796229617813634,1.2830075473637794,1.4109241885070025,1.0398563048929008,-0.8275176567182355,-0.9572660538139092,0.02390563372721398,-0.10042799866451763,-0.6191149491627321,-0.9883862008060942,0.1376215807908272,-0.38406471788129437,0.69031310531378,0.9646813692853976,1.0218743618812691,-1.3188761183627722,0.24880192108961416,-0.40793508020170777,-1.2794437520119777,-0.19175277339534336,1.1115226491863135,-0.42225286998015393,1.345833394002779,0.6361103038753396,-0.3835602012397737,0.9688028142004873,0.14847843687735868,-0.7599566275013342,1.6162773111526934,0.20987435594020543,0.04801158890310208,-0.675147196030441,1.5540687719467066,0.5224869449148904,0.5178120343039032,-0.44177674850331117,1.0750891783884866,0.8182878078539797,-1.017829834786939,-1.4417665464571865,0.3926229171321012,-1.3630427311036935,0.26045747936001035,-0.8162658203862757,1.1728113610015376,-0.7433915807171291,0.9852435341752761,-0.49255533097779464,0.9731594859128861,1.9907712737358718,-1.1856272373468564,0.3199144855732076,2.4753295427882156,0.1868333168578413,-0.004802102914222022,0.7775125701119436,0.29275430506206024,-1.4093414069851993,1.418764687432501,-1.9870836766355493,-0.5510654819410439,1.4068064610536613,-0.2702587578333951,-0.6240554993042228,0.9016054861219436,-0.6486657574943607,-1.0941546264803774,0.25177873849812377,-0.006284307859162952,-1.2735327107052234,0.6566116058374202,0.4749502946365621,-0.2727858477486436,-0.681675983383356,0.32581020094205354,1.0135712890717163,-0.18796968176757078,0.5697052871098691,0.8874284133305996,0.6249517799530397,0.11582706623128325,-0.5548253039800677,-0.42944239039652443,0.5057056447561199,1.720998503082985,-0.5375185186809097,0.7870211841070966,-0.3360869686465302,0.1043767637744394,1.2898665793155413,0.7946862932500351,-1.1891155400144793,-0.32848235362016914,1.2761024927455078,0.007974751506906937,-1.0909172339826956,-0.7513793872523877,0.5365502074228778,0.7921700577749938,0.05257091534656289,2.399983386114871,0.8594767079617647,-0.4544756341179749,-1.018351991402253,-0.7159264604800871,0.3241458284964517,-0.4981934657793848,1.831481591713013,1.3236660718362343,0.53294789255372,-1.0456636684087202,-0.512541144664755,1.1023622773849477,-0.5074633482422014,0.9699763674492615,0.4624860096476921,0.12619011989008902,-0.6993511210952181,-0.3361578618462738,0.5631550702770637,1.1693953311552496,-0.663487480697815,-0.22787955014110792,0.02483882012965011,0.7984448166071745,-1.045608513541432,-1.255549676976587,0.46467074059762153,-1.6002045788950665
sample_47,1.1343564745926766,-0.3465330103069392,-1.8239608338040059,-0.6513691439061517,0.5189947769787043,-0.5013589982591056,-0.11713574749624668,0.710743336841097,-0.15576802773447954,-1.1234435579060977,-0.24182502775255357,1.5334463497728228,1.4568051263517345,-1.736403809011217,1.4131663637880096,0.3315121686110232,0.741378635672068,-0.4106944829099821,-1.9434689370451137,0.6439480873238677,-0.9500584075895734,-1.8494968486430967,-1.1008699033832157,0.7525799318329122,0.0627840567873596,0.5100414132315867,0.674609005930329,-0.49699872914970605,-0.014723232302367885,-0.5126324123033391,-0.17235659507690512,-0.857496307144517,0.5365592132646129,1.1633287397562606,-0.6014165583392952,1.192566894410454,0.12924405454148075,0.10068519365433216,-1.4030156694737521,-1.8978527289889808,0.33590260334742394,0.8201233382159954,-0.710101238486251,1.4367138650902582,0.8387158238884532,-0.9667378777237122,-0.16215227948406435,2.0267290614993465,-1.0436004191813466,0.38345530336258865,-0.5105329320216073,0.7899539218618765,1.1525313796733305,-0.14477821736748375,1.0920696592396157,1.9509194553079876,0.18577090869498042,1.023692681295832,-0.7321180130236579,-0.11678868186674085,-0.25332525738252926,0.6084139535392219,1.2830347761716403,-0.046405557030404936,1.113902315561969,1.4888369526964218,0.6545618260243892,-0.8520190162924565,-0.6079130827053439,-0.9950477193850263,0.861513637621786,-1.3384606404990707,0.7211154536326966,-0.9857690110866736,0.8903144729117947,-0.04885350929222091,1.3125717773603758,1.3779677441025209,1.4335242138387045,1.7874704249756534,0.27469387008517926,-1.2886937647188141,-0.9167105406140669,-1.9890584377923874,-1.03784397710848,0.09388981433567783,-0.4003830705055973,-0.04130858914109343,0.4831277974059627,-0.12735599775972445,-1.1460415693162047,-0.09414445797778803,-1.1477470117636503,-0.19280471120662152,1.0598161243986832,-0.47824494197057305,1.55703118999579,1.6426155136118445,-0.5928441247916904,-0.9762166420954588,-0.40949272274863785,1.313760291463044,-0.1754425369134763,0.9549586661491104,1.3370238165513977,-0.6794189740772154,-0.759283679792857,0.6926074054371916,0.06059829821892823,-0.6812321059498699,-0.41430822106815185,-0.26026495272121936,-1.5460085278098312,1.0717119254172625,-0.5588265494385024,-3.461000726609766,-0.002057695021760525,-0.6784878250076399,1.5152728514318683,-0.5644891578050699,-0.9966393832564812,0.5828413555100916,-0.9202858936315926,-0.9889098783667636,0.4019936380859008,-0.7757006364712732,-1.2916399039466795,1.6891910333900841,0.6217373545106383,-0.5394483069664204,-0.04241987692325282,0.7056018585021101,1.0826171225483288,-1.0278951775879608,0.4029610325698913,-0.49834565400211855,-0.3319776173648377,0.25183512193661506,-0.09054316046065704,0.4831819472517081,0.924236487822625,-1.6537052871164923,-1.1191447968281276,-0.3454982423812566,2.104308060749665,-0.7989194049225294,-0.3782222864557624,-0.4051307125611497,-0.7475934539127196,0.2947709091930508
sample_48,1.235593798804059,0.32770714671429924,-1.069129121950258,2.6403089184020128,0.1490272110559848,-0.5436663748361544,1.1410902393999185,-0.5048208694079898,1.7093724019285779,-1.0495372434535284,1.4546375698601066,0.21717922333324566,1.0994156403523407,1.5822834176613918,-1.4435590356988963,1.4244816704982899,-1.666476547637959,-0.9163426699282132,-0.9095869453526136,0.5582563044803472,-0.06167111396571585,-0.29015089187383286,0.19202526422661192,0.7417887322472886,0.558451308875519,0.8364278331927513,1.8257808773771576,-0.08317470462023087,-0.49822854611638967,0.7174263193798246,-0.9617774036195462,-0.5473197222018291,1.2420682289186362,-0.30332622574746965,-1.0152950993220577,-1.428377518679685,0.06088449925102672,0.9347063638432427,1.4922189950303626,0.12344841668317108,2.0539681300207175,-0.11427574125702887,-0.1972669270922614,-2.2436330402662445,-0.44873747048354945,1.0295653724749387,1.373343601479033,-1.0309049340077017,0.5162491642257342,0.8639791607589768,-0.09732045520519254,-2.4341972098426825,0.27435316601583,1.1004271249619084,-0.8641748826781306,-0.27742936853784556,-1.1504285772517582,-2.480280235000412,0.9371708142087729,-0.14691932415279993,1.4468160999917463,0.6688641377513659,-0.201809859953114,-0.015359084137946186,0.17121838251805185,0.9172749733281642,0.06346320026046827,0.983342293703994,-0.23548538331117763,-1.1956964855135956,-0.16896211030240027,0.16833140766863608,-1.2373078861731872,-1.2167679339322761,0.5407289020047418,-0.46751375436019754,-0.15918018089795807,-0.10249761246630794,1.5109091128628822,1.5640711507203535,-1.1804025545809178,-0.6663833656702589,1.0393313718954984,0.6818460884079051,0.06802144162334506,-1.1084782365432069,-0.5050642253773633,-0.38141509554242214,0.25440853408848785,1.879271772491856,-0.6909354805839478,-1.1523178567937467,-0.20732462607273153,0.9781428160997575,-1.913162325088176,1.3928670189199508,-0.2616797906558037,-0.670088314925151,-1.5546221069257857,1.0445408561745817,-0.541167595055565,0.2571209183115531,-0.5444775926105699,-0.2845941798889389,-0.29089195688470015,-0.055879738536909834,-0.7517786650187298,-1.6100464856550845,2.1904408566783147,-1.3492876225280748,0.0726408127290159,-2.410459232430434,-2.0227329878618443,0.37291487448273575,0.13188127403890976,1.335546950622853,0.40776911677502437,-0.12106098224188283,-1.1054605775517576,1.2254835793532446,0.9094310416420265,-1.0374565273537852,-0.08301917234376222,-0.06805646145856484,-0.5145539864189028,0.8760962832054358,0.7714799057884391,-0.20359114497818065,-0.3294437742187914,1.3588141330903583,0.8039101688546985,0.2550123044707072,-1.4402218051291804,0.13693345049311156,0.7281863267742907,-2.5246391448257133,0.19582176322064648,-0.41387290966790324,-0.277846301018844,-1.1390344339028113,0.15303093142739566,1.5688001561716693,-0.23944083773656544,1.1236815891950322,-0.9673952742581897,0.8997948247215667,-0.17819124257709038,0.5631651227483718,-0.19359139985008908,0.8124633452264904
sample_49,-2.233791785049613,-1.7392103582967868,0.16925271646238943,-2.2425376690688705,-0.6008205912815398,-0.046771695508444976,-0.8837581006210445,-0.7284920942277103,0.3180137640916129,1.0424526653962716,-0.8888747961331426,-0.6244495181433177,-0.734927655357435,-2.07612934101725,0.19357087021066927,1.0610330145276246,0.8370168611554721,-0.7367450607605548,-1.3899471605650404,0.047371904927930114,0.6646022988223982,0.12100726870678856,0.3183184842237876,1.3590873865913222,-0.7607624329565733,-0.5396239013451002,1.6403173709260006,-0.2648817684000979,-1.2989443775843903,-0.6853023334457784,-0.787588352478197,0.566182015279718,-0.95398745771125,0.17994886577867408,-0.5162818240234288,-2.0276277981346724,0.33293436430752227,0.014937401895672444,0.8669043108748534,-0.7025759618773624,-0.5150818203502511,0.41456333910384774,1.3981668836116448,-0.00408373226660221,0.500762153589258,-0.3013395931056291,-1.73907898348517,0.6311230473717175,0.9244723000685172,0.5525567877657491,-0.33631679376109375,0.671518990922216,0.8309478235832147,2.032136501409109,0.9686302328776466,0.008816468676684862,-1.3174927379843384,0.3665295125820297,0.14204945601790345,0.7865218687998101,1.2132287168897433,-0.28461674440047086,2.1367747008397555,-1.9809411324863877,0.0281410821911069,-0.8744547021774361,-2.4510902795694056,-0.4963460703964085,-1.6068640824196685,-0.2881227451577074,-0.06776316732790405,1.13959738753186,-1.5564004936680944,0.8122045803946498,0.21610017751937352,0.9510347044162298,-0.420173390969582,-1.0616503087333784,-0.9662802999999986,-1.301760125307075,0.6268114674233178,1.331487214281621,-0.41542452318315537,0.7088642776112046,-1.5044815187842857,0.20501256802531928,0.6458817087371076,-1.3223852968912444,-0.2554443367158636,0.8920347485596763,-3.041957160464831,1.416411637345907,0.343027252844511,0.6949531606300438,-0.8110400477427763,-2.054254888694269,0.39925114934537803,0.025797347761619637,-0.016822714707167216,1.4682116031555554,0.49480173511418557,2.1395135754048744,0.40337668551996236,-0.6604604479893609,-0.004531810609181308,0.4221282995071061,1.1945948834674174,-1.5412315650683936,-0.05786068432545572,1.582895526320442,-0.3121335209542835,1.0053692697638241,0.7240086664228867,1.2707537359287413,-0.9089805620488594,-1.1152466507099092,0.04066825404298008,-1.4232651425986718,-0.430158982806534,0.15539754899106684,1.7143605256143828,0.4856615807913111,0.6210034703081158,0.9494335144816792,-1.1779969383274633,0.0221493134818956,2.2078896428636376,-0.0936049230195392,1.215343353689487,0.7825847096923022,-1.3753342396744277,0.5025161129994316,0.28134291619194096,0.12206427272880993,-0.6946467416135821,-1.0484238471978744,-0.6756168626493176,-0.04619390711194295,0.9516022317580825,1.5512759274765227,2.0283555232815775,0.9778850193931187,-0.7779642877118506,-0.38860626113268076,0.21730772618376742,-0.5677408245530484,0.3703537055481221,0.9647761392188092,0.3287608993621287,1.2409184997454044
sample_5,-0.4127435237768977,-0.016689282098054807,-1.3452103200254755,0.18029536776321445,-0.5110882922265226,0.999563089434903,0.5639440515760705,-0.5315975135961303,-0.08024024410661829,-0.6939689160960384,-1.3411797664932854,-0.9306740927030726,0.10815752301725977,0.24818293755528498,0.2023532902898967,-0.2566066631362313,0.7507544792749687,0.21440251857177534,0.7048665995765289,-1.8554762770326225,-3.6694392713801567,0.28565309293154667,-1.1947620309791913,-0.15941229182067906,-0.3511029098461626,1.3529000278530803,0.4054806684427162,0.11072494188884133,0.9589763566853372,0.4494984470451974,-0.38143354891600284,1.3340309446726022,-1.2017142782552668,0.24380412185596104,-1.3739988164690313,0.17360734352411725,0.21307126548892924,1.4296268256847122,-1.2653622076112951,-0.6265983552039378,0.9610770471425544,0.3454671955612109,0.1096492024672049,-0.8441989371291581,-0.6049518781010393,1.4752700482305487,-0.2446381649152602,0.08372574862443688,-0.012089609269226434,-1.2022228782662199,1.0442506820714053,0.5703537879891348,2.046533881726868,-0.8276090267739648,0.8115187368532948,-1.2293048449105468,0.2853723518741326,1.223816879704134,-2.2613048099007536,-0.4103860640411148,-0.6236938411876174,-0.8920658265956474,0.5024928397009341,1.3964237091366167,-0.510335321220643,0.14452396108134752,-0.1714974778641352,-0.26593509629816303,-1.1721957600567199,1.0909383458943034,0.19690086793362424,0.37005532336987423,-0.8254473774888615,-0.4237638480881184,-0.038742254642605695,-1.5821922943655011,-1.6532260778731802,-0.34023176558153595,0.6079350291748168,-0.5849904118789223,-0.950125441083294,-0.9466144168212707,-0.3027323174682727,-0.2675931368803092,2.4098020806591585,1.076372687063455,0.9493228789191718,1.3213281372193864,-1.098280324563361,-1.0451226848382091,-1.1303898141271753,1.4153816077634338,-0.7295073834027254,-1.074319635979459,-0.8305180105306588,-0.443625906091136,0.15059301704886982,0.38193678549484833,-0.8273102795708221,1.0213449819316405,-1.0607117105533905,-0.09449116249716151,0.8823248702657445,-0.6105716943816231,-0.3703852837266733,0.5850931319343734,-0.9690969912065939,-0.4321070760847068,0.39445475356547005,2.021350971103147,0.45949348748518754,0.4261249228427039,0.7655755381263324,-0.8524261019051577,0.06972236193683004,-0.19554993942617388,0.3323092744888297,0.1298060860055026,0.21492720165829254,-0.3292179009799993,0.09090275278929993,-1.0203684381626663,-0.5120408268376,1.1751404545891675,0.1976105172573008,0.1535422341489388,1.7308323996792188,-1.3594664914291477,-1.2454886253396724,1.588944927130477,0.0022669420519515824,-0.0723439099198006,-1.023386741380018,0.24674341183972387,0.5776689448725908,-1.0282087102371928,-0.2736657738102899,-0.3202791518796429,0.1391572187934301,-1.348230259441801,1.8527543479717699,1.039707659780397,-0.15911434536116356,-0.17682907744256213,-0.18644806136730355,-0.7216147802522669,-0.6023930749322705,-0.11511674925568052,1.391535493126519,1.153200403974733
sample_6,0.8280808853915409,0.2328974983453089,-1.387493596731155,-0.2045633799160276,1.2469452193495771,-1.1908643989425987,0.4401118885303464,2.3016704220686037,1.1082636490564572,1.4928398238733342,0.26575819394762257,1.0488078555635745,-0.7227661203838687,0.6464264948758704,0.8522110703103268,0.37388660841403026,1.1460013079842766,-0.3987801264483424,-0.24913972545016816,0.1256492844672307,-1.0309019561623072,0.21305116529422657,-1.4544333922738075,1.252706510481784,-0.024216289404725817,-0.8547245256326871,-0.8291171964123489,-0.3039968682425299,0.7993891670048505,0.6454829819916552,-0.5909430564570143,-0.7271965460275982,0.8452450454217221,-1.0349347740458859,0.3250212286807866,0.09776253649107086,0.33867523795291776,0.6721113747643555,-0.9561683502890232,-2.0073373593781785,-0.3196730717460249,1.8769886709942316,1.8824549785269882,1.576616641450596,-0.1717310396094157,-1.9576267963941936,-2.539730237388829,-0.8310207645648743,-0.0879268712564754,1.0990910889020897,0.9625802083196652,0.2729436366404276,-0.7046889829898673,-0.7681497250751602,0.27335924339307754,0.5788579817780912,0.5418731158387409,-0.8765645691186651,0.5487713839679133,0.4157547527023593,-1.1099271276969842,-0.9745166793224188,0.791371373317065,-0.19282120475512055,1.1680056370492586,0.444575463368942,-0.8491514598602438,-0.2795270933639124,0.1899916826734171,-0.9038348005442693,-1.0305369647620608,0.6959972519567938,0.896729288474161,0.5368779803194303,1.5332154038806785,-0.6013584449894662,1.6469052073621702,-0.6362693511345411,-0.7809830344909877,-1.8271593639540387,-0.3463644150497689,-0.6374838243943269,0.7061489766789043,0.32618177037352475,-1.1538279656973183,-0.3661084219111241,-0.24007030738604035,-1.6536267460199836,-1.079329184016867,-0.5938336276788138,1.5278437701897698,0.1720131131782504,0.7103001280542368,-1.2966193969830369,0.9014910716945447,1.2273324891146926,-1.9711782757706067,-0.6391200065555678,0.41998350816942476,0.9754655510004113,-1.1043393407255506,-0.2549546832119798,-0.2717769685888837,0.14924816960253584,1.3262081971386035,-0.6766565220746095,1.1772307204239023,-0.8388455048299591,-0.7655605012101073,0.8027933471721648,0.748330619710826,0.9047764067074896,-1.2712896669713838,-0.2170165898376973,0.8178944355837915,-0.11099725651339679,-1.0181820612950643,0.45178430694877486,-0.8722417357198226,1.4792474120165848,1.4888161176580887,0.6716624883116816,1.5030665314842429,-0.1470894739104417,0.6763037038057311,1.5194456897347604,0.2430970620634871,-0.26749244315114207,-1.903475744403969,-0.3444984429570163,0.7050100209377812,1.1627034386795072,0.6280078422775993,-0.8005619301168768,-1.892633095596458,-0.48798883238356905,-0.4700943349311582,-0.2942371502167489,0.4562437164439791,1.7175170044741674,0.48288891540877554,-0.21872825513897282,-0.05877855146377102,0.19814677490760416,-0.9929981304545449,0.22619699231228477,0.24989077523539566,0.40802041863167043,0.2510224666741666,0.5802232864459466
sample_7,-1.5381521952539674,0.5270409053801973,-0.9346837586929126,-1.2778318732658407,-1.3072372960067054,0.41686458970791057,-0.33641512843861454,-1.7241541495930715,0.5244734127368232,-1.6826804161325832,0.18871903237844487,0.2577923144036696,0.7316285821411059,1.4806663006841436,-1.7417003440790135,0.009019602968684445,-0.4975122200159559,0.5912826579098471,0.18239855358501086,-0.34917578103976593,-0.49393574821158986,-1.502370893955934,0.9349635022107552,0.5936869663406912,0.7923392531076284,-0.6343103229559139,-0.6515463030188311,-1.177829239900866,0.44600871743818454,-1.0903424167852123,1.5680472476312843,-1.2233951705846797,0.401198790228348,1.7647084174523275,0.894905674421205,0.14686878903921144,-1.0121123099322256,-1.4018273958487313,1.1251970171881818,1.5937530454529676,-0.20119420283716583,-1.194585707323564,-2.429892251171702,-0.8655896496029096,-0.08535134378970445,1.876811211901741,0.4811311725351617,0.01875374311662523,-0.2727921916949922,-0.6463595524499226,1.6280728904442765,0.24419050374686044,-1.7488388884204937,-0.4564979578305052,-0.7797208008145615,-0.5403900522427687,0.7289207990717079,0.091746663703202,-0.20208112195840122,1.5780896649678537,-0.751372218852986,1.6768072364130107,-0.5038467651243874,0.18679084761854908,-0.6544741014710285,0.06123287186455905,0.20094864990078876,0.22304165948756924,-0.7748750791754451,-1.3322819086224431,2.4408076990227676,-0.5645331574420134,0.7444437804175017,-1.4615994332210764,-0.1349104151171222,-0.19159629460523772,0.4676661368319924,-2.4327064070623887,0.28551398196593303,-1.1423216128880507,0.4651069899517341,-1.1669516602370893,-0.714127799148198,-0.18789531762146627,-1.0045936034894103,-0.4486382417388325,-0.9402230878438881,-1.7114052182101767,1.040017623427401,-1.1187640213989987,-0.1591838311460743,0.7827247650211305,-0.8101700862389711,-0.6911820574281804,-0.13009450898347452,1.0285502593555482,-1.1951751753824202,-0.04633731468661458,-1.6792673507248528,-0.17806949386194848,-0.3131831143474516,-0.8454433135180642,-0.14560571302219524,-1.3847002235591024,0.25045274962916964,1.0147405311706563,-1.245577467550594,-0.6758956796781802,0.35048337115476513,1.190894131223253,-1.455485746691969,-0.3844425668003176,0.4923857669113942,0.16375929831098351,-2.672114286648377,0.4339044568525366,1.4916152722518572,0.12995086716564463,-1.1864199402221085,-0.5023881697155501,1.7005128713474014,0.9541702070817486,0.6387437331918936,0.1436933708346695,-0.8526863699688924,-0.010195910623163383,-0.04840802839198372,0.5273164047436107,1.6492592181088908,0.9490305095595466,-1.3222491537341103,0.412623220021305,0.8532885159053651,0.42799910354486115,-0.5722930276507124,2.5853442171397267,-1.634686825940871,-1.1823240442925014,0.11958342513897177,1.846989032257583,-0.6821868898326502,-0.2732817770594317,1.2312215481565079,0.04163675050296001,-0.41747859496655465,0.6960740904576667,0.07996201605693139,1.3026146496915028,1.074256944083929,0.4386247769399484
sample_8,0.26599909088392254,0.06120698382957741,0.2423517222003706,-0.10616702792059976,0.05155716660020627,1.1420272394996496,1.2351090314782365,-1.5488129350809183,0.05644760545502002,-0.8470655772904452,-0.25358681131754107,0.43565678804944274,0.5355795266685592,-0.12194994941060479,-2.4465742415552496,-0.9634741777297846,0.7130124450703946,-2.6401025100113973,1.2236788284980682,0.5769027580922617,1.1087100486082284,-0.33028914422760386,-1.7567502046811205,0.561348170603759,1.1268657721057111,0.6589994970538563,-0.657403398049434,0.028805541297382647,-0.510833275861223,-0.8492159999990159,0.8129888292276837,-1.1050324752108742,-0.9515188311243774,-1.5017187461740313,-1.3134122378824575,0.1191945548761176,1.2347105317415907,-0.29368555814652486,-1.2047275064115006,0.8917217503369761,1.7561914167188037,-0.6798145829526543,-0.5245053295565991,0.43407433104502163,1.8045383716552381,-0.5261577495444528,-1.5275699638682196,0.32046468371423925,0.82442423730429,-0.10033875996671492,-0.8017883968908677,1.0999311949411543,0.5160678502916867,-0.5594588076797516,0.07925007509894111,-1.2654606000523947,0.8634186469185302,-0.06991339922777492,-0.5724285476156722,-0.1850621273592095,-0.04541734744736295,0.7065118147813575,0.6985923131473611,-0.10123481479548158,0.36365441540310217,0.34268638577729105,-0.7814564750534211,-0.40913326499462677,-0.060065496436645535,0.4358910377602294,-0.47609339058610506,-0.4650250672358917,2.068092619689817,0.8404818463043827,-0.5819184014534319,0.4984412008331824,0.11975569492743572,0.6383960509017149,0.2594589486716981,1.483133636658307,0.4875233476589067,-0.19845304122132545,1.2369235278149844,0.31564639837548253,0.24091006764992404,0.33826443791303507,-0.0033793534807688235,0.15000851232054577,-0.661321564478357,-0.5741986128096814,-1.0170707918484065,-1.5503810265491147,-1.1253966158392639,-0.10603540963177005,-0.2613057034361125,-0.4791036510912836,-2.305679345028182,1.7952510572410487,0.9764975292896557,0.7546411660811834,1.7663217118947068,-0.9774282738123428,1.9615592797921613,-0.9372232364859557,0.40571201218378783,-1.142200572505047,0.038414847926974,0.35800182129539215,-0.19278375519048296,0.6995119745484804,-0.0025903142310598985,-0.8313244271826065,-0.44513323580299363,1.119082726464328,-0.7439677859657736,0.9251692638284916,1.20451186201612,-1.551838004976063,0.9631039875234715,1.707580201854077,0.2728051325938054,0.6670320835072385,1.1146483420687727,-0.48638487853905454,0.05128088729434528,-1.0251878082291215,0.14677907807066393,0.476490528711699,0.5517164591087486,0.8920628472497585,-0.7396155081902439,-0.37379826422824186,1.9765439448440285,-0.38654004401023895,0.24020703336087224,-0.10198367994901564,-1.089464115168762,1.9384431019628392,-0.546193408354906,-1.3561641480590108,-0.21425676314816922,-2.2020972961885437,-0.43719895541801856,-1.003912933821123,0.6923542927285833,-0.6109644984021079,0.6663786889289453,1.7037721609466008,0.5705062933856848,-0.14498877300367224
sample_9,0.13431940558206235,-1.8550846528277833,-0.3896268958017019,-1.0382068773553839,0.9069988813862702,2.449763571207661,0.31652641313732677,-2.034965844376634,-0.3148109924869968,0.05561941203667567,0.13724282651149095,-0.7933540863274341,0.15085646655547322,-1.0785164448641462,-1.202420891162318,0.7531415941274847,-1.2605988677012059,0.6976273237069617,-1.516138125434006,1.8949375409105755,-0.79800324846938,-0.3623370517622784,0.35478331084410464,-0.5551021328972902,0.06648987016601447,0.2931742793507315,0.9662007628504606,0.7586800734803203,-0.1234565912631809,-0.11374973553423623,1.9910589650842805,1.2033315218900558,-0.9839699050140333,-0.02923669118667019,-0.09252859970368002,-0.14728969204851985,-1.287441083364834,-0.5038963462976653,2.19147341130702,0.6168239342486491,-2.092023581871558,1.2661344390531668,0.9848773717058866,-0.3258270044316102,0.8194715969176216,-0.9112359568657362,-0.6640356254859414,1.1221665306068123,-0.15532000789806846,-1.8384436065083825,-0.18951623524477196,-0.05699311350408172,1.0932059801175826,0.2898391114997888,-0.3663501405412143,0.8921366778983216,0.2453922205061611,-0.5793564328305163,1.0692665016275529,0.11160552432519838,-0.08123566203429312,-0.011268812144533827,-0.88423944760886,-0.5365959213764127,-0.3769769349801633,-0.26159323752308283,1.1344639416787408,-0.02191474400300707,1.1253391097633587,-0.10261144290895471,0.9703792545536154,0.372869370941999,0.02942555313640584,-0.020767348286646954,-0.7620624528715237,0.43515902868163453,-0.035867201369264974,-0.2428363944088004,1.136232882912896,-1.255082697542592,-0.3218146103180003,0.8849314094327818,0.4898160695176882,0.03637201836503195,0.37834635298644276,0.20410853935425521,-1.2156171143125392,-0.21218050520806772,1.6746484603506073,-0.4824088025745845,-0.3052745984229584,-0.6253917787803436,-0.18164291103820437,-0.47358959005089946,0.14752751428471989,0.029452502824449577,0.6234178314981745,-1.008161194302543,-0.3677146166686485,0.008123773711195397,0.1546531624524972,-0.7794145876945888,1.0880247231212674,1.2360886779486338,-0.7732974804915478,-0.41724445637494617,-0.5928489662840813,2.66001694401405,-0.42027021623237115,1.650045798761758,-1.24875045174582,-1.4217703862837046,-0.5772672599402969,-0.6143712253400264,-0.3358811261437079,-1.0006769570672451,-0.7719950540708062,1.1113157206852216,1.053362013545868,0.7534297825359308,0.5286370471044334,0.19935771395632182,-0.7243792902249585,-1.1621118039525813,0.24497014382872656,-0.8970691811142314,-0.8740124003559647,1.1231937364804792,2.0823370766573195,0.16843439580677558,0.9608425868196857,-0.07573788480112914,-1.1576157194745411,0.42091603360768093,0.6019963560485436,0.02302804434308344,-0.3959027360484766,1.1759618527054405,-0.9467559294460602,-1.0071198908550847,-0.890882410778432,0.11651012535343741,-0.8586091112888704,-0.6915612179121762,-0.8501490949949608,-0.1755062882942928,-1.5973561074985598,0.27451996585716576,1.0306579852856435,0.247012597438582
